batch_size,trainer_id,memory_metric,memory_bytes,memory_mib,node_count,internal_edge_count,snapshot_count,run_id,nodes_fit_inlier,edges_fit_inlier
16,0,process_peak_rss_bytes,1594466304,1520.6015625,569539,42085,165,20260914_192750_ogbn-papers100M_FedAvg_bs16_seed42_beta10000p0,True,False
16,1,process_peak_rss_bytes,1594249216,1520.39453125,569539,42192,165,20260914_192750_ogbn-papers100M_FedAvg_bs16_seed42_beta10000p0,True,False
16,2,process_peak_rss_bytes,1613901824,1539.13671875,569539,42649,165,20260914_192750_ogbn-papers100M_FedAvg_bs16_seed42_beta10000p0,True,True
16,3,process_peak_rss_bytes,1603248128,1528.9765625,569539,42566,165,20260914_192750_ogbn-papers100M_FedAvg_bs16_seed42_beta10000p0,True,False
16,4,process_peak_rss_bytes,1603256320,1528.984375,569539,42106,165,20260914_192750_ogbn-papers100M_FedAvg_bs16_seed42_beta10000p0,True,False
16,5,process_peak_rss_bytes,1610510336,1535.90234375,569539,42478,165,20260914_192750_ogbn-papers100M_FedAvg_bs16_seed42_beta10000p0,True,True
16,6,process_peak_rss_bytes,1593708544,1519.87890625,569539,41630,165,20260914_192750_ogbn-papers100M_FedAvg_bs16_seed42_beta10000p0,True,False
16,7,process_peak_rss_bytes,1609973760,1535.390625,569539,42632,165,20260914_192750_ogbn-papers100M_FedAvg_bs16_seed42_beta10000p0,True,True
16,8,process_peak_rss_bytes,1600524288,1526.37890625,569539,41951,165,20260914_192750_ogbn-papers100M_FedAvg_bs16_seed42_beta10000p0,True,False
16,9,process_peak_rss_bytes,1574703104,1501.75390625,569539,43121,165,20260914_192750_ogbn-papers100M_FedAvg_bs16_seed42_beta10000p0,True,False
16,10,process_peak_rss_bytes,1636220928,1560.421875,569539,42455,165,20260914_192750_ogbn-papers100M_FedAvg_bs16_seed42_beta10000p0,True,True
16,11,process_peak_rss_bytes,1601519616,1527.328125,569539,42613,165,20260914_192750_ogbn-papers100M_FedAvg_bs16_seed42_beta10000p0,True,False
16,12,process_peak_rss_bytes,1629556736,1554.06640625,569539,42902,165,20260914_192750_ogbn-papers100M_FedAvg_bs16_seed42_beta10000p0,True,True
16,13,process_peak_rss_bytes,1609764864,1535.19140625,569539,42317,165,20260914_192750_ogbn-papers100M_FedAvg_bs16_seed42_beta10000p0,True,True
16,14,process_peak_rss_bytes,1602895872,1528.640625,569539,42296,165,20260914_192750_ogbn-papers100M_FedAvg_bs16_seed42_beta10000p0,True,False
16,15,process_peak_rss_bytes,1595752448,1521.828125,569539,42146,165,20260914_192750_ogbn-papers100M_FedAvg_bs16_seed42_beta10000p0,True,False
16,16,process_peak_rss_bytes,1627545600,1552.1484375,569539,41922,165,20260914_192750_ogbn-papers100M_FedAvg_bs16_seed42_beta10000p0,True,True
16,17,process_peak_rss_bytes,1625284608,1549.9921875,569539,42390,165,20260914_192750_ogbn-papers100M_FedAvg_bs16_seed42_beta10000p0,True,True
16,18,process_peak_rss_bytes,1599811584,1525.69921875,569539,41847,165,20260914_192750_ogbn-papers100M_FedAvg_bs16_seed42_beta10000p0,True,False
16,19,process_peak_rss_bytes,1612312576,1537.62109375,569539,42582,165,20260914_192750_ogbn-papers100M_FedAvg_bs16_seed42_beta10000p0,True,True
16,20,process_peak_rss_bytes,1618526208,1543.546875,569539,42966,165,20260914_192750_ogbn-papers100M_FedAvg_bs16_seed42_beta10000p0,True,True
16,21,process_peak_rss_bytes,1581346816,1508.08984375,569539,42584,165,20260914_192750_ogbn-papers100M_FedAvg_bs16_seed42_beta10000p0,True,False
16,22,process_peak_rss_bytes,1605423104,1531.05078125,569539,42003,165,20260914_192750_ogbn-papers100M_FedAvg_bs16_seed42_beta10000p0,True,False
16,23,process_peak_rss_bytes,1632337920,1556.71875,569539,42415,165,20260914_192750_ogbn-papers100M_FedAvg_bs16_seed42_beta10000p0,True,True
16,24,process_peak_rss_bytes,1599938560,1525.8203125,569539,41850,165,20260914_192750_ogbn-papers100M_FedAvg_bs16_seed42_beta10000p0,True,False
16,25,process_peak_rss_bytes,1593237504,1519.4296875,569539,42152,165,20260914_192750_ogbn-papers100M_FedAvg_bs16_seed42_beta10000p0,True,False
16,26,process_peak_rss_bytes,1618010112,1543.0546875,569539,42344,165,20260914_192750_ogbn-papers100M_FedAvg_bs16_seed42_beta10000p0,True,True
16,27,process_peak_rss_bytes,1616588800,1541.69921875,569539,42322,165,20260914_192750_ogbn-papers100M_FedAvg_bs16_seed42_beta10000p0,True,True
16,28,process_peak_rss_bytes,1592291328,1518.52734375,569539,43060,165,20260914_192750_ogbn-papers100M_FedAvg_bs16_seed42_beta10000p0,True,False
16,29,process_peak_rss_bytes,1587003392,1513.484375,569539,43189,165,20260914_192750_ogbn-papers100M_FedAvg_bs16_seed42_beta10000p0,True,False
16,30,process_peak_rss_bytes,1633882112,1558.19140625,569539,42646,165,20260914_192750_ogbn-papers100M_FedAvg_bs16_seed42_beta10000p0,True,True
16,31,process_peak_rss_bytes,1614131200,1539.35546875,569539,42757,165,20260914_192750_ogbn-papers100M_FedAvg_bs16_seed42_beta10000p0,True,True
16,32,process_peak_rss_bytes,1604608000,1530.2734375,569539,42148,165,20260914_192750_ogbn-papers100M_FedAvg_bs16_seed42_beta10000p0,True,False
16,33,process_peak_rss_bytes,1616429056,1541.546875,569539,43164,165,20260914_192750_ogbn-papers100M_FedAvg_bs16_seed42_beta10000p0,True,True
16,34,process_peak_rss_bytes,1623580672,1548.3671875,569539,42454,165,20260914_192750_ogbn-papers100M_FedAvg_bs16_seed42_beta10000p0,True,True
16,35,process_peak_rss_bytes,1626058752,1550.73046875,569539,43289,165,20260914_192750_ogbn-papers100M_FedAvg_bs16_seed42_beta10000p0,True,True
16,36,process_peak_rss_bytes,1607393280,1532.9296875,569539,42743,165,20260914_192750_ogbn-papers100M_FedAvg_bs16_seed42_beta10000p0,True,True
16,37,process_peak_rss_bytes,1599475712,1525.37890625,569539,42489,165,20260914_192750_ogbn-papers100M_FedAvg_bs16_seed42_beta10000p0,True,False
16,38,process_peak_rss_bytes,1592328192,1518.5625,569539,43384,165,20260914_192750_ogbn-papers100M_FedAvg_bs16_seed42_beta10000p0,True,False
16,39,process_peak_rss_bytes,1609039872,1534.5,569539,43634,165,20260914_192750_ogbn-papers100M_FedAvg_bs16_seed42_beta10000p0,True,True
16,40,process_peak_rss_bytes,1606619136,1532.19140625,569539,42548,165,20260914_192750_ogbn-papers100M_FedAvg_bs16_seed42_beta10000p0,True,True
16,41,process_peak_rss_bytes,1590611968,1516.92578125,569539,42113,165,20260914_192750_ogbn-papers100M_FedAvg_bs16_seed42_beta10000p0,True,False
16,42,process_peak_rss_bytes,1595314176,1521.41015625,569539,42360,165,20260914_192750_ogbn-papers100M_FedAvg_bs16_seed42_beta10000p0,True,False
16,43,process_peak_rss_bytes,1587093504,1513.5703125,569539,42194,165,20260914_192750_ogbn-papers100M_FedAvg_bs16_seed42_beta10000p0,True,False
16,44,process_peak_rss_bytes,1601437696,1527.25,569539,42371,165,20260914_192750_ogbn-papers100M_FedAvg_bs16_seed42_beta10000p0,True,False
16,45,process_peak_rss_bytes,1607553024,1533.08203125,569539,42610,165,20260914_192750_ogbn-papers100M_FedAvg_bs16_seed42_beta10000p0,True,True
16,46,process_peak_rss_bytes,1645682688,1569.4453125,569538,42482,165,20260914_192750_ogbn-papers100M_FedAvg_bs16_seed42_beta10000p0,True,True
16,47,process_peak_rss_bytes,1676677120,1599.00390625,569538,42568,165,20260914_192750_ogbn-papers100M_FedAvg_bs16_seed42_beta10000p0,True,True
16,48,process_peak_rss_bytes,1668907008,1591.59375,569538,42836,165,20260914_192750_ogbn-papers100M_FedAvg_bs16_seed42_beta10000p0,True,True
16,49,process_peak_rss_bytes,1653022720,1576.4453125,569538,42558,165,20260914_192750_ogbn-papers100M_FedAvg_bs16_seed42_beta10000p0,True,True
16,50,process_peak_rss_bytes,1676492800,1598.828125,569538,42598,165,20260914_192750_ogbn-papers100M_FedAvg_bs16_seed42_beta10000p0,True,True
16,51,process_peak_rss_bytes,1654120448,1577.4921875,569538,42423,165,20260914_192750_ogbn-papers100M_FedAvg_bs16_seed42_beta10000p0,True,True
16,52,process_peak_rss_bytes,1682378752,1604.44140625,569538,42096,165,20260914_192750_ogbn-papers100M_FedAvg_bs16_seed42_beta10000p0,True,True
16,53,process_peak_rss_bytes,1655496704,1578.8046875,569538,42819,165,20260914_192750_ogbn-papers100M_FedAvg_bs16_seed42_beta10000p0,True,True
16,54,process_peak_rss_bytes,1655914496,1579.203125,569538,41987,165,20260914_192750_ogbn-papers100M_FedAvg_bs16_seed42_beta10000p0,True,True
16,55,process_peak_rss_bytes,1666793472,1589.578125,569538,42945,165,20260914_192750_ogbn-papers100M_FedAvg_bs16_seed42_beta10000p0,True,True
16,56,process_peak_rss_bytes,1674067968,1596.515625,569538,42997,165,20260914_192750_ogbn-papers100M_FedAvg_bs16_seed42_beta10000p0,True,True
16,57,process_peak_rss_bytes,1645355008,1569.1328125,569538,42743,165,20260914_192750_ogbn-papers100M_FedAvg_bs16_seed42_beta10000p0,True,True
16,58,process_peak_rss_bytes,1659314176,1582.4453125,569538,43148,165,20260914_192750_ogbn-papers100M_FedAvg_bs16_seed42_beta10000p0,True,True
16,59,process_peak_rss_bytes,1700900864,1622.10546875,569538,42756,165,20260914_192750_ogbn-papers100M_FedAvg_bs16_seed42_beta10000p0,True,False
16,60,process_peak_rss_bytes,1663164416,1586.1171875,569538,41749,165,20260914_192750_ogbn-papers100M_FedAvg_bs16_seed42_beta10000p0,True,True
16,61,process_peak_rss_bytes,1666367488,1589.171875,569538,42354,165,20260914_192750_ogbn-papers100M_FedAvg_bs16_seed42_beta10000p0,True,True
16,62,process_peak_rss_bytes,1660735488,1583.80078125,569538,43049,165,20260914_192750_ogbn-papers100M_FedAvg_bs16_seed42_beta10000p0,True,True
16,63,process_peak_rss_bytes,1631842304,1556.24609375,569538,42524,165,20260914_192750_ogbn-papers100M_FedAvg_bs16_seed42_beta10000p0,True,True
16,64,process_peak_rss_bytes,1662214144,1585.2109375,569538,42105,165,20260914_192750_ogbn-papers100M_FedAvg_bs16_seed42_beta10000p0,True,True
16,65,process_peak_rss_bytes,1663406080,1586.34765625,569538,42707,165,20260914_192750_ogbn-papers100M_FedAvg_bs16_seed42_beta10000p0,True,True
16,66,process_peak_rss_bytes,1682092032,1604.16796875,569538,42115,165,20260914_192750_ogbn-papers100M_FedAvg_bs16_seed42_beta10000p0,True,True
16,67,process_peak_rss_bytes,1627041792,1551.66796875,569538,42991,165,20260914_192750_ogbn-papers100M_FedAvg_bs16_seed42_beta10000p0,True,True
16,68,process_peak_rss_bytes,1653706752,1577.09765625,569538,42019,165,20260914_192750_ogbn-papers100M_FedAvg_bs16_seed42_beta10000p0,True,True
16,69,process_peak_rss_bytes,1681317888,1603.4296875,569538,42344,165,20260914_192750_ogbn-papers100M_FedAvg_bs16_seed42_beta10000p0,True,True
16,70,process_peak_rss_bytes,1680756736,1602.89453125,569538,42297,165,20260914_192750_ogbn-papers100M_FedAvg_bs16_seed42_beta10000p0,True,True
16,71,process_peak_rss_bytes,1676525568,1598.859375,569538,42864,165,20260914_192750_ogbn-papers100M_FedAvg_bs16_seed42_beta10000p0,True,True
16,72,process_peak_rss_bytes,1674366976,1596.80078125,569538,42513,165,20260914_192750_ogbn-papers100M_FedAvg_bs16_seed42_beta10000p0,True,True
16,73,process_peak_rss_bytes,1665024000,1587.890625,569538,41910,165,20260914_192750_ogbn-papers100M_FedAvg_bs16_seed42_beta10000p0,True,True
16,74,process_peak_rss_bytes,1659449344,1582.57421875,569538,42845,165,20260914_192750_ogbn-papers100M_FedAvg_bs16_seed42_beta10000p0,True,True
16,75,process_peak_rss_bytes,1659555840,1582.67578125,569538,42471,165,20260914_192750_ogbn-papers100M_FedAvg_bs16_seed42_beta10000p0,True,True
16,76,process_peak_rss_bytes,1659527168,1582.6484375,569538,42738,165,20260914_192750_ogbn-papers100M_FedAvg_bs16_seed42_beta10000p0,True,True
16,77,process_peak_rss_bytes,1655640064,1578.94140625,569538,42424,165,20260914_192750_ogbn-papers100M_FedAvg_bs16_seed42_beta10000p0,True,True
16,78,process_peak_rss_bytes,1667461120,1590.21484375,569538,42456,165,20260914_192750_ogbn-papers100M_FedAvg_bs16_seed42_beta10000p0,True,True
16,79,process_peak_rss_bytes,1651240960,1574.74609375,569538,42850,165,20260914_192750_ogbn-papers100M_FedAvg_bs16_seed42_beta10000p0,True,True
16,80,process_peak_rss_bytes,1660825600,1583.88671875,569538,42105,165,20260914_192750_ogbn-papers100M_FedAvg_bs16_seed42_beta10000p0,True,True
16,81,process_peak_rss_bytes,1683128320,1605.15625,569538,43104,165,20260914_192750_ogbn-papers100M_FedAvg_bs16_seed42_beta10000p0,True,True
16,82,process_peak_rss_bytes,1655889920,1579.1796875,569538,42245,165,20260914_192750_ogbn-papers100M_FedAvg_bs16_seed42_beta10000p0,True,True
16,83,process_peak_rss_bytes,1638838272,1562.91796875,569538,42180,165,20260914_192750_ogbn-papers100M_FedAvg_bs16_seed42_beta10000p0,True,True
16,84,process_peak_rss_bytes,1649934336,1573.5,569538,42400,165,20260914_192750_ogbn-papers100M_FedAvg_bs16_seed42_beta10000p0,True,True
16,85,process_peak_rss_bytes,1678831616,1601.05859375,569538,42420,165,20260914_192750_ogbn-papers100M_FedAvg_bs16_seed42_beta10000p0,True,True
16,86,process_peak_rss_bytes,1667354624,1590.11328125,569538,42300,165,20260914_192750_ogbn-papers100M_FedAvg_bs16_seed42_beta10000p0,True,True
16,87,process_peak_rss_bytes,1682526208,1604.58203125,569538,42097,165,20260914_192750_ogbn-papers100M_FedAvg_bs16_seed42_beta10000p0,True,True
16,88,process_peak_rss_bytes,1666117632,1588.93359375,569538,43090,165,20260914_192750_ogbn-papers100M_FedAvg_bs16_seed42_beta10000p0,True,True
16,89,process_peak_rss_bytes,1682378752,1604.44140625,569538,42182,165,20260914_192750_ogbn-papers100M_FedAvg_bs16_seed42_beta10000p0,True,True
16,90,process_peak_rss_bytes,1699622912,1620.88671875,569538,42803,165,20260914_192750_ogbn-papers100M_FedAvg_bs16_seed42_beta10000p0,True,False
16,91,process_peak_rss_bytes,1693478912,1615.02734375,569538,42567,165,20260914_192750_ogbn-papers100M_FedAvg_bs16_seed42_beta10000p0,True,True
16,92,process_peak_rss_bytes,1663193088,1586.14453125,569538,42263,165,20260914_192750_ogbn-papers100M_FedAvg_bs16_seed42_beta10000p0,True,True
16,93,process_peak_rss_bytes,1708064768,1628.9375,569538,41896,165,20260914_192750_ogbn-papers100M_FedAvg_bs16_seed42_beta10000p0,True,False
16,94,process_peak_rss_bytes,1618706432,1543.71875,569538,42067,165,20260914_192750_ogbn-papers100M_FedAvg_bs16_seed42_beta10000p0,True,True
16,95,process_peak_rss_bytes,1659256832,1582.390625,569538,41918,165,20260914_192750_ogbn-papers100M_FedAvg_bs16_seed42_beta10000p0,True,True
16,96,process_peak_rss_bytes,1664823296,1587.69921875,569538,42003,165,20260914_192750_ogbn-papers100M_FedAvg_bs16_seed42_beta10000p0,True,True
16,97,process_peak_rss_bytes,1654824960,1578.1640625,569538,42810,165,20260914_192750_ogbn-papers100M_FedAvg_bs16_seed42_beta10000p0,True,True
16,98,process_peak_rss_bytes,1675452416,1597.8359375,569538,42584,165,20260914_192750_ogbn-papers100M_FedAvg_bs16_seed42_beta10000p0,True,True
16,99,process_peak_rss_bytes,1669795840,1592.44140625,569538,42216,165,20260914_192750_ogbn-papers100M_FedAvg_bs16_seed42_beta10000p0,True,True
16,100,process_peak_rss_bytes,1660407808,1583.48828125,569538,42148,165,20260914_192750_ogbn-papers100M_FedAvg_bs16_seed42_beta10000p0,True,True
16,101,process_peak_rss_bytes,1676328960,1598.671875,569538,41381,165,20260914_192750_ogbn-papers100M_FedAvg_bs16_seed42_beta10000p0,True,True
16,102,process_peak_rss_bytes,1670144000,1592.7734375,569538,42621,165,20260914_192750_ogbn-papers100M_FedAvg_bs16_seed42_beta10000p0,True,True
16,103,process_peak_rss_bytes,1682735104,1604.78125,569538,42422,165,20260914_192750_ogbn-papers100M_FedAvg_bs16_seed42_beta10000p0,True,True
16,104,process_peak_rss_bytes,1647333376,1571.01953125,569538,42519,165,20260914_192750_ogbn-papers100M_FedAvg_bs16_seed42_beta10000p0,True,True
16,105,process_peak_rss_bytes,1667416064,1590.171875,569538,42552,165,20260914_192750_ogbn-papers100M_FedAvg_bs16_seed42_beta10000p0,True,True
16,106,process_peak_rss_bytes,1656520704,1579.78125,569538,42631,165,20260914_192750_ogbn-papers100M_FedAvg_bs16_seed42_beta10000p0,True,True
16,107,process_peak_rss_bytes,1648418816,1572.0546875,569538,42612,165,20260914_192750_ogbn-papers100M_FedAvg_bs16_seed42_beta10000p0,True,True
16,108,process_peak_rss_bytes,1689415680,1611.15234375,569538,42490,165,20260914_192750_ogbn-papers100M_FedAvg_bs16_seed42_beta10000p0,True,True
16,109,process_peak_rss_bytes,1656606720,1579.86328125,569538,42260,165,20260914_192750_ogbn-papers100M_FedAvg_bs16_seed42_beta10000p0,True,True
16,110,process_peak_rss_bytes,1661616128,1584.640625,569538,42979,165,20260914_192750_ogbn-papers100M_FedAvg_bs16_seed42_beta10000p0,True,True
16,111,process_peak_rss_bytes,1659166720,1582.3046875,569538,41990,165,20260914_192750_ogbn-papers100M_FedAvg_bs16_seed42_beta10000p0,True,True
16,112,process_peak_rss_bytes,1680797696,1602.93359375,569538,41881,165,20260914_192750_ogbn-papers100M_FedAvg_bs16_seed42_beta10000p0,True,True
16,113,process_peak_rss_bytes,1648013312,1571.66796875,569538,42543,165,20260914_192750_ogbn-papers100M_FedAvg_bs16_seed42_beta10000p0,True,True
16,114,process_peak_rss_bytes,1675526144,1597.90625,569538,42145,165,20260914_192750_ogbn-papers100M_FedAvg_bs16_seed42_beta10000p0,True,True
16,115,process_peak_rss_bytes,1655017472,1578.34765625,569538,42653,165,20260914_192750_ogbn-papers100M_FedAvg_bs16_seed42_beta10000p0,True,True
16,116,process_peak_rss_bytes,1655930880,1579.21875,569538,42140,165,20260914_192750_ogbn-papers100M_FedAvg_bs16_seed42_beta10000p0,True,True
16,117,process_peak_rss_bytes,1678721024,1600.953125,569538,42206,165,20260914_192750_ogbn-papers100M_FedAvg_bs16_seed42_beta10000p0,True,True
16,118,process_peak_rss_bytes,1663541248,1586.4765625,569538,41664,165,20260914_192750_ogbn-papers100M_FedAvg_bs16_seed42_beta10000p0,True,True
16,119,process_peak_rss_bytes,1627643904,1552.2421875,569538,42642,165,20260914_192750_ogbn-papers100M_FedAvg_bs16_seed42_beta10000p0,True,True
16,120,process_peak_rss_bytes,1665093632,1587.95703125,569538,43040,165,20260914_192750_ogbn-papers100M_FedAvg_bs16_seed42_beta10000p0,True,True
16,121,process_peak_rss_bytes,1676247040,1598.59375,569538,41451,165,20260914_192750_ogbn-papers100M_FedAvg_bs16_seed42_beta10000p0,True,True
16,122,process_peak_rss_bytes,1650012160,1573.57421875,569538,42278,165,20260914_192750_ogbn-papers100M_FedAvg_bs16_seed42_beta10000p0,True,True
16,123,process_peak_rss_bytes,1658691584,1581.8515625,569538,42105,165,20260914_192750_ogbn-papers100M_FedAvg_bs16_seed42_beta10000p0,True,True
16,124,process_peak_rss_bytes,1684938752,1606.8828125,569538,43578,165,20260914_192750_ogbn-papers100M_FedAvg_bs16_seed42_beta10000p0,True,True
16,125,process_peak_rss_bytes,1662763008,1585.734375,569538,42832,165,20260914_192750_ogbn-papers100M_FedAvg_bs16_seed42_beta10000p0,True,True
16,126,process_peak_rss_bytes,1623326720,1548.125,569538,42506,165,20260914_192750_ogbn-papers100M_FedAvg_bs16_seed42_beta10000p0,True,True
16,127,process_peak_rss_bytes,1656078336,1579.359375,569538,42021,165,20260914_192750_ogbn-papers100M_FedAvg_bs16_seed42_beta10000p0,True,True
16,128,process_peak_rss_bytes,1649328128,1572.921875,569538,42892,165,20260914_192750_ogbn-papers100M_FedAvg_bs16_seed42_beta10000p0,True,True
16,129,process_peak_rss_bytes,1678114816,1600.375,569538,42089,165,20260914_192750_ogbn-papers100M_FedAvg_bs16_seed42_beta10000p0,True,True
16,130,process_peak_rss_bytes,1668890624,1591.578125,569538,42978,165,20260914_192750_ogbn-papers100M_FedAvg_bs16_seed42_beta10000p0,True,True
16,131,process_peak_rss_bytes,1674715136,1597.1328125,569538,42644,165,20260914_192750_ogbn-papers100M_FedAvg_bs16_seed42_beta10000p0,True,True
16,132,process_peak_rss_bytes,1674063872,1596.51171875,569538,42241,165,20260914_192750_ogbn-papers100M_FedAvg_bs16_seed42_beta10000p0,True,True
16,133,process_peak_rss_bytes,1650200576,1573.75390625,569538,42714,165,20260914_192750_ogbn-papers100M_FedAvg_bs16_seed42_beta10000p0,True,True
16,134,process_peak_rss_bytes,1662746624,1585.71875,569538,44260,165,20260914_192750_ogbn-papers100M_FedAvg_bs16_seed42_beta10000p0,True,True
16,135,process_peak_rss_bytes,1653035008,1576.45703125,569538,42984,165,20260914_192750_ogbn-papers100M_FedAvg_bs16_seed42_beta10000p0,True,True
16,136,process_peak_rss_bytes,1665122304,1587.984375,569538,43648,165,20260914_192750_ogbn-papers100M_FedAvg_bs16_seed42_beta10000p0,True,True
16,137,process_peak_rss_bytes,1657868288,1581.06640625,569538,43556,165,20260914_192750_ogbn-papers100M_FedAvg_bs16_seed42_beta10000p0,True,True
16,138,process_peak_rss_bytes,1651855360,1575.33203125,569538,42964,165,20260914_192750_ogbn-papers100M_FedAvg_bs16_seed42_beta10000p0,True,True
16,139,process_peak_rss_bytes,1669967872,1592.60546875,569538,42537,165,20260914_192750_ogbn-papers100M_FedAvg_bs16_seed42_beta10000p0,True,True
16,140,process_peak_rss_bytes,1689235456,1610.98046875,569538,42870,165,20260914_192750_ogbn-papers100M_FedAvg_bs16_seed42_beta10000p0,True,True
16,141,process_peak_rss_bytes,1682567168,1604.62109375,569538,42495,165,20260914_192750_ogbn-papers100M_FedAvg_bs16_seed42_beta10000p0,True,True
16,142,process_peak_rss_bytes,1686962176,1608.8125,569538,42349,165,20260914_192750_ogbn-papers100M_FedAvg_bs16_seed42_beta10000p0,True,True
16,143,process_peak_rss_bytes,1676267520,1598.61328125,569538,41728,165,20260914_192750_ogbn-papers100M_FedAvg_bs16_seed42_beta10000p0,True,True
16,144,process_peak_rss_bytes,1675870208,1598.234375,569538,42912,165,20260914_192750_ogbn-papers100M_FedAvg_bs16_seed42_beta10000p0,True,True
16,145,process_peak_rss_bytes,1640091648,1564.11328125,569538,43085,165,20260914_192750_ogbn-papers100M_FedAvg_bs16_seed42_beta10000p0,True,True
16,146,process_peak_rss_bytes,1638199296,1562.30859375,569538,43108,165,20260914_192750_ogbn-papers100M_FedAvg_bs16_seed42_beta10000p0,True,True
16,147,process_peak_rss_bytes,1646456832,1570.18359375,569538,43269,165,20260914_192750_ogbn-papers100M_FedAvg_bs16_seed42_beta10000p0,True,True
16,148,process_peak_rss_bytes,1655480320,1578.7890625,569538,42626,165,20260914_192750_ogbn-papers100M_FedAvg_bs16_seed42_beta10000p0,True,True
16,149,process_peak_rss_bytes,1636130816,1560.3359375,569538,42342,165,20260914_192750_ogbn-papers100M_FedAvg_bs16_seed42_beta10000p0,True,True
16,150,process_peak_rss_bytes,1664909312,1587.78125,569538,41834,165,20260914_192750_ogbn-papers100M_FedAvg_bs16_seed42_beta10000p0,True,True
16,151,process_peak_rss_bytes,1648492544,1572.125,569538,42539,165,20260914_192750_ogbn-papers100M_FedAvg_bs16_seed42_beta10000p0,True,True
16,152,process_peak_rss_bytes,1629319168,1553.83984375,569538,41816,165,20260914_192750_ogbn-papers100M_FedAvg_bs16_seed42_beta10000p0,True,True
16,153,process_peak_rss_bytes,1656803328,1580.05078125,569538,42146,165,20260914_192750_ogbn-papers100M_FedAvg_bs16_seed42_beta10000p0,True,True
16,154,process_peak_rss_bytes,1652854784,1576.28515625,569538,42176,165,20260914_192750_ogbn-papers100M_FedAvg_bs16_seed42_beta10000p0,True,True
16,155,process_peak_rss_bytes,1650163712,1573.71875,569538,42579,165,20260914_192750_ogbn-papers100M_FedAvg_bs16_seed42_beta10000p0,True,True
16,156,process_peak_rss_bytes,1656733696,1579.984375,569538,42692,165,20260914_192750_ogbn-papers100M_FedAvg_bs16_seed42_beta10000p0,True,True
16,157,process_peak_rss_bytes,1679052800,1601.26953125,569538,42495,165,20260914_192750_ogbn-papers100M_FedAvg_bs16_seed42_beta10000p0,True,True
16,158,process_peak_rss_bytes,1651347456,1574.84765625,569538,42523,165,20260914_192750_ogbn-papers100M_FedAvg_bs16_seed42_beta10000p0,True,True
16,159,process_peak_rss_bytes,1673699328,1596.1640625,569538,42420,165,20260914_192750_ogbn-papers100M_FedAvg_bs16_seed42_beta10000p0,True,True
16,160,process_peak_rss_bytes,1679745024,1601.9296875,569538,43253,165,20260914_192750_ogbn-papers100M_FedAvg_bs16_seed42_beta10000p0,True,True
16,161,process_peak_rss_bytes,1671995392,1594.5390625,569538,42194,165,20260914_192750_ogbn-papers100M_FedAvg_bs16_seed42_beta10000p0,True,True
16,162,process_peak_rss_bytes,1696272384,1617.69140625,569538,42360,165,20260914_192750_ogbn-papers100M_FedAvg_bs16_seed42_beta10000p0,True,False
16,163,process_peak_rss_bytes,1648492544,1572.125,569538,42567,165,20260914_192750_ogbn-papers100M_FedAvg_bs16_seed42_beta10000p0,True,True
16,164,process_peak_rss_bytes,1659736064,1582.84765625,569538,41939,165,20260914_192750_ogbn-papers100M_FedAvg_bs16_seed42_beta10000p0,True,True
16,165,process_peak_rss_bytes,1650290688,1573.83984375,569538,43107,165,20260914_192750_ogbn-papers100M_FedAvg_bs16_seed42_beta10000p0,True,True
16,166,process_peak_rss_bytes,1672888320,1595.390625,569538,42220,165,20260914_192750_ogbn-papers100M_FedAvg_bs16_seed42_beta10000p0,True,True
16,167,process_peak_rss_bytes,1668272128,1590.98828125,569538,41828,165,20260914_192750_ogbn-papers100M_FedAvg_bs16_seed42_beta10000p0,True,True
16,168,process_peak_rss_bytes,1656156160,1579.43359375,569538,42494,165,20260914_192750_ogbn-papers100M_FedAvg_bs16_seed42_beta10000p0,True,True
16,169,process_peak_rss_bytes,1694793728,1616.28125,569538,42483,165,20260914_192750_ogbn-papers100M_FedAvg_bs16_seed42_beta10000p0,True,True
16,170,process_peak_rss_bytes,1674989568,1597.39453125,569538,42465,165,20260914_192750_ogbn-papers100M_FedAvg_bs16_seed42_beta10000p0,True,True
16,171,process_peak_rss_bytes,1649664000,1573.2421875,569538,42399,165,20260914_192750_ogbn-papers100M_FedAvg_bs16_seed42_beta10000p0,True,True
16,172,process_peak_rss_bytes,1680601088,1602.74609375,569538,42341,165,20260914_192750_ogbn-papers100M_FedAvg_bs16_seed42_beta10000p0,True,True
16,173,process_peak_rss_bytes,1672511488,1595.03125,569538,42635,165,20260914_192750_ogbn-papers100M_FedAvg_bs16_seed42_beta10000p0,True,True
16,174,process_peak_rss_bytes,1697914880,1619.2578125,569538,42816,165,20260914_192750_ogbn-papers100M_FedAvg_bs16_seed42_beta10000p0,True,False
16,175,process_peak_rss_bytes,1644957696,1568.75390625,569538,42144,165,20260914_192750_ogbn-papers100M_FedAvg_bs16_seed42_beta10000p0,True,True
16,176,process_peak_rss_bytes,1673056256,1595.55078125,569538,42031,165,20260914_192750_ogbn-papers100M_FedAvg_bs16_seed42_beta10000p0,True,True
16,177,process_peak_rss_bytes,1655181312,1578.50390625,569538,42925,165,20260914_192750_ogbn-papers100M_FedAvg_bs16_seed42_beta10000p0,True,True
16,178,process_peak_rss_bytes,1669832704,1592.4765625,569538,42505,165,20260914_192750_ogbn-papers100M_FedAvg_bs16_seed42_beta10000p0,True,True
16,179,process_peak_rss_bytes,1672314880,1594.84375,569538,42742,165,20260914_192750_ogbn-papers100M_FedAvg_bs16_seed42_beta10000p0,True,True
16,180,process_peak_rss_bytes,1659887616,1582.9921875,569538,42844,165,20260914_192750_ogbn-papers100M_FedAvg_bs16_seed42_beta10000p0,True,True
16,181,process_peak_rss_bytes,1690828800,1612.5,569538,42424,165,20260914_192750_ogbn-papers100M_FedAvg_bs16_seed42_beta10000p0,True,True
16,182,process_peak_rss_bytes,1645572096,1569.33984375,569538,42304,165,20260914_192750_ogbn-papers100M_FedAvg_bs16_seed42_beta10000p0,True,True
16,183,process_peak_rss_bytes,1693650944,1615.19140625,569538,41650,165,20260914_192750_ogbn-papers100M_FedAvg_bs16_seed42_beta10000p0,True,True
16,184,process_peak_rss_bytes,1636331520,1560.52734375,569538,42971,165,20260914_192750_ogbn-papers100M_FedAvg_bs16_seed42_beta10000p0,True,True
16,185,process_peak_rss_bytes,1674784768,1597.19921875,569538,41887,165,20260914_192750_ogbn-papers100M_FedAvg_bs16_seed42_beta10000p0,True,True
16,186,process_peak_rss_bytes,1658503168,1581.671875,569538,42308,165,20260914_192750_ogbn-papers100M_FedAvg_bs16_seed42_beta10000p0,True,True
16,187,process_peak_rss_bytes,1675403264,1597.7890625,569538,42395,165,20260914_192750_ogbn-papers100M_FedAvg_bs16_seed42_beta10000p0,True,True
16,188,process_peak_rss_bytes,1663107072,1586.0625,569538,42504,165,20260914_192750_ogbn-papers100M_FedAvg_bs16_seed42_beta10000p0,True,True
16,189,process_peak_rss_bytes,1645944832,1569.6953125,569538,41857,165,20260914_192750_ogbn-papers100M_FedAvg_bs16_seed42_beta10000p0,True,True
16,190,process_peak_rss_bytes,1709203456,1630.0234375,569538,42537,165,20260914_192750_ogbn-papers100M_FedAvg_bs16_seed42_beta10000p0,True,False
16,191,process_peak_rss_bytes,1649610752,1573.19140625,569538,42364,165,20260914_192750_ogbn-papers100M_FedAvg_bs16_seed42_beta10000p0,True,True
16,192,process_peak_rss_bytes,1664544768,1587.43359375,569538,42279,165,20260914_192750_ogbn-papers100M_FedAvg_bs16_seed42_beta10000p0,True,True
16,193,process_peak_rss_bytes,1678352384,1600.6015625,569538,42402,165,20260914_192750_ogbn-papers100M_FedAvg_bs16_seed42_beta10000p0,True,True
16,194,process_peak_rss_bytes,1676750848,1599.07421875,569538,42488,165,20260914_192750_ogbn-papers100M_FedAvg_bs16_seed42_beta10000p0,True,True
32,0,process_peak_rss_bytes,1616416768,1541.53515625,569539,42085,165,20260914_194714_ogbn-papers100M_FedAvg_bs32_seed42_beta10000p0,True,False
32,1,process_peak_rss_bytes,1698877440,1620.17578125,569539,42192,165,20260914_194714_ogbn-papers100M_FedAvg_bs32_seed42_beta10000p0,True,True
32,2,process_peak_rss_bytes,1717133312,1637.5859375,569539,42649,165,20260914_194714_ogbn-papers100M_FedAvg_bs32_seed42_beta10000p0,True,False
32,3,process_peak_rss_bytes,1639026688,1563.09765625,569539,42566,165,20260914_194714_ogbn-papers100M_FedAvg_bs32_seed42_beta10000p0,True,True
32,4,process_peak_rss_bytes,1632972800,1557.32421875,569539,42106,165,20260914_194714_ogbn-papers100M_FedAvg_bs32_seed42_beta10000p0,True,False
32,5,process_peak_rss_bytes,1626398720,1551.0546875,569539,42478,165,20260914_194714_ogbn-papers100M_FedAvg_bs32_seed42_beta10000p0,True,False
32,6,process_peak_rss_bytes,1649315840,1572.91015625,569539,41630,165,20260914_194714_ogbn-papers100M_FedAvg_bs32_seed42_beta10000p0,True,True
32,7,process_peak_rss_bytes,1586384896,1512.89453125,569539,42632,165,20260914_194714_ogbn-papers100M_FedAvg_bs32_seed42_beta10000p0,True,False
32,8,process_peak_rss_bytes,1649975296,1573.5390625,569539,41951,165,20260914_194714_ogbn-papers100M_FedAvg_bs32_seed42_beta10000p0,True,True
32,9,process_peak_rss_bytes,1651441664,1574.9375,569539,43121,165,20260914_194714_ogbn-papers100M_FedAvg_bs32_seed42_beta10000p0,True,True
32,10,process_peak_rss_bytes,1627140096,1551.76171875,569539,42455,165,20260914_194714_ogbn-papers100M_FedAvg_bs32_seed42_beta10000p0,True,False
32,11,process_peak_rss_bytes,1633189888,1557.53125,569539,42613,165,20260914_194714_ogbn-papers100M_FedAvg_bs32_seed42_beta10000p0,True,False
32,12,process_peak_rss_bytes,1650892800,1574.4140625,569539,42902,165,20260914_194714_ogbn-papers100M_FedAvg_bs32_seed42_beta10000p0,True,True
32,13,process_peak_rss_bytes,1632280576,1556.6640625,569539,42317,165,20260914_194714_ogbn-papers100M_FedAvg_bs32_seed42_beta10000p0,True,False
32,14,process_peak_rss_bytes,1659531264,1582.65234375,569539,42296,165,20260914_194714_ogbn-papers100M_FedAvg_bs32_seed42_beta10000p0,True,True
32,15,process_peak_rss_bytes,1674338304,1596.7734375,569539,42146,165,20260914_194714_ogbn-papers100M_FedAvg_bs32_seed42_beta10000p0,True,True
32,16,process_peak_rss_bytes,1644867584,1568.66796875,569539,41922,165,20260914_194714_ogbn-papers100M_FedAvg_bs32_seed42_beta10000p0,True,True
32,17,process_peak_rss_bytes,1633943552,1558.25,569539,42390,165,20260914_194714_ogbn-papers100M_FedAvg_bs32_seed42_beta10000p0,True,False
32,18,process_peak_rss_bytes,1664188416,1587.09375,569539,41847,165,20260914_194714_ogbn-papers100M_FedAvg_bs32_seed42_beta10000p0,True,True
32,19,process_peak_rss_bytes,1604288512,1529.96875,569539,42582,165,20260914_194714_ogbn-papers100M_FedAvg_bs32_seed42_beta10000p0,True,False
32,20,process_peak_rss_bytes,1639878656,1563.91015625,569539,42966,165,20260914_194714_ogbn-papers100M_FedAvg_bs32_seed42_beta10000p0,True,False
32,21,process_peak_rss_bytes,1625878528,1550.55859375,569539,42584,165,20260914_194714_ogbn-papers100M_FedAvg_bs32_seed42_beta10000p0,True,False
32,22,process_peak_rss_bytes,1707921408,1628.80078125,569539,42003,165,20260914_194714_ogbn-papers100M_FedAvg_bs32_seed42_beta10000p0,True,True
32,23,process_peak_rss_bytes,1646309376,1570.04296875,569539,42415,165,20260914_194714_ogbn-papers100M_FedAvg_bs32_seed42_beta10000p0,True,True
32,24,process_peak_rss_bytes,1661042688,1584.09375,569539,41850,165,20260914_194714_ogbn-papers100M_FedAvg_bs32_seed42_beta10000p0,True,True
32,25,process_peak_rss_bytes,1649143808,1572.74609375,569539,42152,165,20260914_194714_ogbn-papers100M_FedAvg_bs32_seed42_beta10000p0,True,True
32,26,process_peak_rss_bytes,1631309824,1555.73828125,569539,42344,165,20260914_194714_ogbn-papers100M_FedAvg_bs32_seed42_beta10000p0,True,False
32,27,process_peak_rss_bytes,1672171520,1594.70703125,569539,42322,165,20260914_194714_ogbn-papers100M_FedAvg_bs32_seed42_beta10000p0,True,True
32,28,process_peak_rss_bytes,1665028096,1587.89453125,569539,43060,165,20260914_194714_ogbn-papers100M_FedAvg_bs32_seed42_beta10000p0,True,True
32,29,process_peak_rss_bytes,1652891648,1576.3203125,569539,43189,165,20260914_194714_ogbn-papers100M_FedAvg_bs32_seed42_beta10000p0,True,True
32,30,process_peak_rss_bytes,1669824512,1592.46875,569539,42646,165,20260914_194714_ogbn-papers100M_FedAvg_bs32_seed42_beta10000p0,True,True
32,31,process_peak_rss_bytes,1633329152,1557.6640625,569539,42757,165,20260914_194714_ogbn-papers100M_FedAvg_bs32_seed42_beta10000p0,True,False
32,32,process_peak_rss_bytes,1684430848,1606.3984375,569539,42148,165,20260914_194714_ogbn-papers100M_FedAvg_bs32_seed42_beta10000p0,True,True
32,33,process_peak_rss_bytes,1716137984,1636.63671875,569539,43164,165,20260914_194714_ogbn-papers100M_FedAvg_bs32_seed42_beta10000p0,True,False
32,34,process_peak_rss_bytes,1649197056,1572.796875,569539,42454,165,20260914_194714_ogbn-papers100M_FedAvg_bs32_seed42_beta10000p0,True,True
32,35,process_peak_rss_bytes,1597898752,1523.875,569539,43289,165,20260914_194714_ogbn-papers100M_FedAvg_bs32_seed42_beta10000p0,True,False
32,36,process_peak_rss_bytes,1682984960,1605.01953125,569539,42743,165,20260914_194714_ogbn-papers100M_FedAvg_bs32_seed42_beta10000p0,True,True
32,37,process_peak_rss_bytes,1663238144,1586.1875,569539,42489,165,20260914_194714_ogbn-papers100M_FedAvg_bs32_seed42_beta10000p0,True,True
32,38,process_peak_rss_bytes,1676779520,1599.1015625,569539,43384,165,20260914_194714_ogbn-papers100M_FedAvg_bs32_seed42_beta10000p0,True,True
32,39,process_peak_rss_bytes,1724223488,1644.34765625,569539,43634,165,20260914_194714_ogbn-papers100M_FedAvg_bs32_seed42_beta10000p0,True,False
32,40,process_peak_rss_bytes,1653780480,1577.16796875,569539,42548,165,20260914_194714_ogbn-papers100M_FedAvg_bs32_seed42_beta10000p0,True,True
32,41,process_peak_rss_bytes,1593266176,1519.45703125,569539,42113,165,20260914_194714_ogbn-papers100M_FedAvg_bs32_seed42_beta10000p0,True,False
32,42,process_peak_rss_bytes,1661681664,1584.703125,569539,42360,165,20260914_194714_ogbn-papers100M_FedAvg_bs32_seed42_beta10000p0,True,True
32,43,process_peak_rss_bytes,1675149312,1597.546875,569539,42194,165,20260914_194714_ogbn-papers100M_FedAvg_bs32_seed42_beta10000p0,True,True
32,44,process_peak_rss_bytes,1709101056,1629.92578125,569539,42371,165,20260914_194714_ogbn-papers100M_FedAvg_bs32_seed42_beta10000p0,True,True
32,45,process_peak_rss_bytes,1660321792,1583.40625,569539,42610,165,20260914_194714_ogbn-papers100M_FedAvg_bs32_seed42_beta10000p0,True,True
32,46,process_peak_rss_bytes,1685901312,1607.80078125,569538,42482,165,20260914_194714_ogbn-papers100M_FedAvg_bs32_seed42_beta10000p0,True,True
32,47,process_peak_rss_bytes,1649455104,1573.04296875,569538,42568,165,20260914_194714_ogbn-papers100M_FedAvg_bs32_seed42_beta10000p0,True,True
32,48,process_peak_rss_bytes,1673236480,1595.72265625,569538,42836,165,20260914_194714_ogbn-papers100M_FedAvg_bs32_seed42_beta10000p0,True,True
32,49,process_peak_rss_bytes,1668132864,1590.85546875,569538,42558,165,20260914_194714_ogbn-papers100M_FedAvg_bs32_seed42_beta10000p0,True,True
32,50,process_peak_rss_bytes,1677434880,1599.7265625,569538,42598,165,20260914_194714_ogbn-papers100M_FedAvg_bs32_seed42_beta10000p0,True,True
32,51,process_peak_rss_bytes,1664614400,1587.5,569538,42423,165,20260914_194714_ogbn-papers100M_FedAvg_bs32_seed42_beta10000p0,True,True
32,52,process_peak_rss_bytes,1678315520,1600.56640625,569538,42096,165,20260914_194714_ogbn-papers100M_FedAvg_bs32_seed42_beta10000p0,True,True
32,53,process_peak_rss_bytes,1663930368,1586.84765625,569538,42819,165,20260914_194714_ogbn-papers100M_FedAvg_bs32_seed42_beta10000p0,True,True
32,54,process_peak_rss_bytes,1653424128,1576.828125,569538,41987,165,20260914_194714_ogbn-papers100M_FedAvg_bs32_seed42_beta10000p0,True,True
32,55,process_peak_rss_bytes,1686032384,1607.92578125,569538,42945,165,20260914_194714_ogbn-papers100M_FedAvg_bs32_seed42_beta10000p0,True,True
32,56,process_peak_rss_bytes,1671892992,1594.44140625,569538,42997,165,20260914_194714_ogbn-papers100M_FedAvg_bs32_seed42_beta10000p0,True,True
32,57,process_peak_rss_bytes,1683095552,1605.125,569538,42743,165,20260914_194714_ogbn-papers100M_FedAvg_bs32_seed42_beta10000p0,True,True
32,58,process_peak_rss_bytes,1654185984,1577.5546875,569538,43148,165,20260914_194714_ogbn-papers100M_FedAvg_bs32_seed42_beta10000p0,True,True
32,59,process_peak_rss_bytes,1715179520,1635.72265625,569538,42756,165,20260914_194714_ogbn-papers100M_FedAvg_bs32_seed42_beta10000p0,True,False
32,60,process_peak_rss_bytes,1683447808,1605.4609375,569538,41749,165,20260914_194714_ogbn-papers100M_FedAvg_bs32_seed42_beta10000p0,True,True
32,61,process_peak_rss_bytes,1668210688,1590.9296875,569538,42354,165,20260914_194714_ogbn-papers100M_FedAvg_bs32_seed42_beta10000p0,True,True
32,62,process_peak_rss_bytes,1657393152,1580.61328125,569538,43049,165,20260914_194714_ogbn-papers100M_FedAvg_bs32_seed42_beta10000p0,True,True
32,63,process_peak_rss_bytes,1687318528,1609.15234375,569538,42524,165,20260914_194714_ogbn-papers100M_FedAvg_bs32_seed42_beta10000p0,True,True
32,64,process_peak_rss_bytes,1668423680,1591.1328125,569538,42105,165,20260914_194714_ogbn-papers100M_FedAvg_bs32_seed42_beta10000p0,True,True
32,65,process_peak_rss_bytes,1671606272,1594.16796875,569538,42707,165,20260914_194714_ogbn-papers100M_FedAvg_bs32_seed42_beta10000p0,True,True
32,66,process_peak_rss_bytes,1673986048,1596.4375,569538,42115,165,20260914_194714_ogbn-papers100M_FedAvg_bs32_seed42_beta10000p0,True,True
32,67,process_peak_rss_bytes,1697869824,1619.21484375,569538,42991,165,20260914_194714_ogbn-papers100M_FedAvg_bs32_seed42_beta10000p0,True,True
32,68,process_peak_rss_bytes,1706397696,1627.34765625,569538,42019,165,20260914_194714_ogbn-papers100M_FedAvg_bs32_seed42_beta10000p0,True,True
32,69,process_peak_rss_bytes,1665089536,1587.953125,569538,42344,165,20260914_194714_ogbn-papers100M_FedAvg_bs32_seed42_beta10000p0,True,True
32,70,process_peak_rss_bytes,1665802240,1588.6328125,569538,42297,165,20260914_194714_ogbn-papers100M_FedAvg_bs32_seed42_beta10000p0,True,True
32,71,process_peak_rss_bytes,1688014848,1609.81640625,569538,42864,165,20260914_194714_ogbn-papers100M_FedAvg_bs32_seed42_beta10000p0,True,True
32,72,process_peak_rss_bytes,1684811776,1606.76171875,569538,42513,165,20260914_194714_ogbn-papers100M_FedAvg_bs32_seed42_beta10000p0,True,True
32,73,process_peak_rss_bytes,1659703296,1582.81640625,569538,41910,165,20260914_194714_ogbn-papers100M_FedAvg_bs32_seed42_beta10000p0,True,True
32,74,process_peak_rss_bytes,1664610304,1587.49609375,569538,42845,165,20260914_194714_ogbn-papers100M_FedAvg_bs32_seed42_beta10000p0,True,True
32,75,process_peak_rss_bytes,1678995456,1601.21484375,569538,42471,165,20260914_194714_ogbn-papers100M_FedAvg_bs32_seed42_beta10000p0,True,True
32,76,process_peak_rss_bytes,1673625600,1596.09375,569538,42738,165,20260914_194714_ogbn-papers100M_FedAvg_bs32_seed42_beta10000p0,True,True
32,77,process_peak_rss_bytes,1710796800,1631.54296875,569538,42424,165,20260914_194714_ogbn-papers100M_FedAvg_bs32_seed42_beta10000p0,True,False
32,78,process_peak_rss_bytes,1690038272,1611.74609375,569538,42456,165,20260914_194714_ogbn-papers100M_FedAvg_bs32_seed42_beta10000p0,True,True
32,79,process_peak_rss_bytes,1665654784,1588.4921875,569538,42850,165,20260914_194714_ogbn-papers100M_FedAvg_bs32_seed42_beta10000p0,True,True
32,80,process_peak_rss_bytes,1664430080,1587.32421875,569538,42105,165,20260914_194714_ogbn-papers100M_FedAvg_bs32_seed42_beta10000p0,True,True
32,81,process_peak_rss_bytes,1654657024,1578.00390625,569538,43104,165,20260914_194714_ogbn-papers100M_FedAvg_bs32_seed42_beta10000p0,True,True
32,82,process_peak_rss_bytes,1688342528,1610.12890625,569538,42245,165,20260914_194714_ogbn-papers100M_FedAvg_bs32_seed42_beta10000p0,True,True
32,83,process_peak_rss_bytes,1714143232,1634.734375,569538,42180,165,20260914_194714_ogbn-papers100M_FedAvg_bs32_seed42_beta10000p0,True,False
32,84,process_peak_rss_bytes,1688178688,1609.97265625,569538,42400,165,20260914_194714_ogbn-papers100M_FedAvg_bs32_seed42_beta10000p0,True,True
32,85,process_peak_rss_bytes,1695772672,1617.21484375,569538,42420,165,20260914_194714_ogbn-papers100M_FedAvg_bs32_seed42_beta10000p0,True,True
32,86,process_peak_rss_bytes,1655959552,1579.24609375,569538,42300,165,20260914_194714_ogbn-papers100M_FedAvg_bs32_seed42_beta10000p0,True,True
32,87,process_peak_rss_bytes,1674125312,1596.5703125,569538,42097,165,20260914_194714_ogbn-papers100M_FedAvg_bs32_seed42_beta10000p0,True,True
32,88,process_peak_rss_bytes,1677565952,1599.8515625,569538,43090,165,20260914_194714_ogbn-papers100M_FedAvg_bs32_seed42_beta10000p0,True,True
32,89,process_peak_rss_bytes,1668915200,1591.6015625,569538,42182,165,20260914_194714_ogbn-papers100M_FedAvg_bs32_seed42_beta10000p0,True,True
32,90,process_peak_rss_bytes,1679343616,1601.546875,569538,42803,165,20260914_194714_ogbn-papers100M_FedAvg_bs32_seed42_beta10000p0,True,True
32,91,process_peak_rss_bytes,1661476864,1584.5078125,569538,42567,165,20260914_194714_ogbn-papers100M_FedAvg_bs32_seed42_beta10000p0,True,True
32,92,process_peak_rss_bytes,1676939264,1599.25390625,569538,42263,165,20260914_194714_ogbn-papers100M_FedAvg_bs32_seed42_beta10000p0,True,True
32,93,process_peak_rss_bytes,1669509120,1592.16796875,569538,41896,165,20260914_194714_ogbn-papers100M_FedAvg_bs32_seed42_beta10000p0,True,True
32,94,process_peak_rss_bytes,1662930944,1585.89453125,569538,42067,165,20260914_194714_ogbn-papers100M_FedAvg_bs32_seed42_beta10000p0,True,True
32,95,process_peak_rss_bytes,1688309760,1610.09765625,569538,41918,165,20260914_194714_ogbn-papers100M_FedAvg_bs32_seed42_beta10000p0,True,True
32,96,process_peak_rss_bytes,1659097088,1582.23828125,569538,42003,165,20260914_194714_ogbn-papers100M_FedAvg_bs32_seed42_beta10000p0,True,True
32,97,process_peak_rss_bytes,1666732032,1589.51953125,569538,42810,165,20260914_194714_ogbn-papers100M_FedAvg_bs32_seed42_beta10000p0,True,True
32,98,process_peak_rss_bytes,1697460224,1618.82421875,569538,42584,165,20260914_194714_ogbn-papers100M_FedAvg_bs32_seed42_beta10000p0,True,True
32,99,process_peak_rss_bytes,1713422336,1634.046875,569538,42216,165,20260914_194714_ogbn-papers100M_FedAvg_bs32_seed42_beta10000p0,True,False
32,100,process_peak_rss_bytes,1687482368,1609.30859375,569538,42148,165,20260914_194714_ogbn-papers100M_FedAvg_bs32_seed42_beta10000p0,True,True
32,101,process_peak_rss_bytes,1672519680,1595.0390625,569538,41381,165,20260914_194714_ogbn-papers100M_FedAvg_bs32_seed42_beta10000p0,True,True
32,102,process_peak_rss_bytes,1681088512,1603.2109375,569538,42621,165,20260914_194714_ogbn-papers100M_FedAvg_bs32_seed42_beta10000p0,True,True
32,103,process_peak_rss_bytes,1679220736,1601.4296875,569538,42422,165,20260914_194714_ogbn-papers100M_FedAvg_bs32_seed42_beta10000p0,True,True
32,104,process_peak_rss_bytes,1689235456,1610.98046875,569538,42519,165,20260914_194714_ogbn-papers100M_FedAvg_bs32_seed42_beta10000p0,True,True
32,105,process_peak_rss_bytes,1712254976,1632.93359375,569538,42552,165,20260914_194714_ogbn-papers100M_FedAvg_bs32_seed42_beta10000p0,True,False
32,106,process_peak_rss_bytes,1663397888,1586.33984375,569538,42631,165,20260914_194714_ogbn-papers100M_FedAvg_bs32_seed42_beta10000p0,True,True
32,107,process_peak_rss_bytes,1673355264,1595.8359375,569538,42612,165,20260914_194714_ogbn-papers100M_FedAvg_bs32_seed42_beta10000p0,True,True
32,108,process_peak_rss_bytes,1700970496,1622.171875,569538,42490,165,20260914_194714_ogbn-papers100M_FedAvg_bs32_seed42_beta10000p0,True,True
32,109,process_peak_rss_bytes,1675141120,1597.5390625,569538,42260,165,20260914_194714_ogbn-papers100M_FedAvg_bs32_seed42_beta10000p0,True,True
32,110,process_peak_rss_bytes,1692540928,1614.1328125,569538,42979,165,20260914_194714_ogbn-papers100M_FedAvg_bs32_seed42_beta10000p0,True,True
32,111,process_peak_rss_bytes,1684811776,1606.76171875,569538,41990,165,20260914_194714_ogbn-papers100M_FedAvg_bs32_seed42_beta10000p0,True,True
32,112,process_peak_rss_bytes,1669685248,1592.3359375,569538,41881,165,20260914_194714_ogbn-papers100M_FedAvg_bs32_seed42_beta10000p0,True,True
32,113,process_peak_rss_bytes,1709735936,1630.53125,569538,42543,165,20260914_194714_ogbn-papers100M_FedAvg_bs32_seed42_beta10000p0,True,True
32,114,process_peak_rss_bytes,1708077056,1628.94921875,569538,42145,165,20260914_194714_ogbn-papers100M_FedAvg_bs32_seed42_beta10000p0,True,True
32,115,process_peak_rss_bytes,1709154304,1629.9765625,569538,42653,165,20260914_194714_ogbn-papers100M_FedAvg_bs32_seed42_beta10000p0,True,True
32,116,process_peak_rss_bytes,1678147584,1600.40625,569538,42140,165,20260914_194714_ogbn-papers100M_FedAvg_bs32_seed42_beta10000p0,True,True
32,117,process_peak_rss_bytes,1670053888,1592.6875,569538,42206,165,20260914_194714_ogbn-papers100M_FedAvg_bs32_seed42_beta10000p0,True,True
32,118,process_peak_rss_bytes,1681293312,1603.40625,569538,41664,165,20260914_194714_ogbn-papers100M_FedAvg_bs32_seed42_beta10000p0,True,True
32,119,process_peak_rss_bytes,1680625664,1602.76953125,569538,42642,165,20260914_194714_ogbn-papers100M_FedAvg_bs32_seed42_beta10000p0,True,True
32,120,process_peak_rss_bytes,1700028416,1621.2734375,569538,43040,165,20260914_194714_ogbn-papers100M_FedAvg_bs32_seed42_beta10000p0,True,True
32,121,process_peak_rss_bytes,1676656640,1598.984375,569538,41451,165,20260914_194714_ogbn-papers100M_FedAvg_bs32_seed42_beta10000p0,True,True
32,122,process_peak_rss_bytes,1682796544,1604.83984375,569538,42278,165,20260914_194714_ogbn-papers100M_FedAvg_bs32_seed42_beta10000p0,True,True
32,123,process_peak_rss_bytes,1675399168,1597.78515625,569538,42105,165,20260914_194714_ogbn-papers100M_FedAvg_bs32_seed42_beta10000p0,True,True
32,124,process_peak_rss_bytes,1712394240,1633.06640625,569538,43578,165,20260914_194714_ogbn-papers100M_FedAvg_bs32_seed42_beta10000p0,True,True
32,125,process_peak_rss_bytes,1695772672,1617.21484375,569538,42832,165,20260914_194714_ogbn-papers100M_FedAvg_bs32_seed42_beta10000p0,True,True
32,126,process_peak_rss_bytes,1650880512,1574.40234375,569538,42506,165,20260914_194714_ogbn-papers100M_FedAvg_bs32_seed42_beta10000p0,True,True
32,127,process_peak_rss_bytes,1697198080,1618.57421875,569538,42021,165,20260914_194714_ogbn-papers100M_FedAvg_bs32_seed42_beta10000p0,True,True
32,128,process_peak_rss_bytes,1706524672,1627.46875,569538,42892,165,20260914_194714_ogbn-papers100M_FedAvg_bs32_seed42_beta10000p0,True,True
32,129,process_peak_rss_bytes,1724485632,1644.59765625,569538,42089,165,20260914_194714_ogbn-papers100M_FedAvg_bs32_seed42_beta10000p0,True,False
32,130,process_peak_rss_bytes,1674035200,1596.484375,569538,42978,165,20260914_194714_ogbn-papers100M_FedAvg_bs32_seed42_beta10000p0,True,True
32,131,process_peak_rss_bytes,1655656448,1578.95703125,569538,42644,165,20260914_194714_ogbn-papers100M_FedAvg_bs32_seed42_beta10000p0,True,True
32,132,process_peak_rss_bytes,1692983296,1614.5546875,569538,42241,165,20260914_194714_ogbn-papers100M_FedAvg_bs32_seed42_beta10000p0,True,True
32,133,process_peak_rss_bytes,1677926400,1600.1953125,569538,42714,165,20260914_194714_ogbn-papers100M_FedAvg_bs32_seed42_beta10000p0,True,True
32,134,process_peak_rss_bytes,1698373632,1619.6953125,569538,44260,165,20260914_194714_ogbn-papers100M_FedAvg_bs32_seed42_beta10000p0,True,True
32,135,process_peak_rss_bytes,1648328704,1571.96875,569538,42984,165,20260914_194714_ogbn-papers100M_FedAvg_bs32_seed42_beta10000p0,True,True
32,136,process_peak_rss_bytes,1674993664,1597.3984375,569538,43648,165,20260914_194714_ogbn-papers100M_FedAvg_bs32_seed42_beta10000p0,True,True
32,137,process_peak_rss_bytes,1675988992,1598.34765625,569538,43556,165,20260914_194714_ogbn-papers100M_FedAvg_bs32_seed42_beta10000p0,True,True
32,138,process_peak_rss_bytes,1682354176,1604.41796875,569538,42964,165,20260914_194714_ogbn-papers100M_FedAvg_bs32_seed42_beta10000p0,True,True
32,139,process_peak_rss_bytes,1682784256,1604.828125,569538,42537,165,20260914_194714_ogbn-papers100M_FedAvg_bs32_seed42_beta10000p0,True,True
32,140,process_peak_rss_bytes,1710989312,1631.7265625,569538,42870,165,20260914_194714_ogbn-papers100M_FedAvg_bs32_seed42_beta10000p0,True,True
32,141,process_peak_rss_bytes,1689686016,1611.41015625,569538,42495,165,20260914_194714_ogbn-papers100M_FedAvg_bs32_seed42_beta10000p0,True,True
32,142,process_peak_rss_bytes,1675362304,1597.75,569538,42349,165,20260914_194714_ogbn-papers100M_FedAvg_bs32_seed42_beta10000p0,True,True
32,143,process_peak_rss_bytes,1680031744,1602.203125,569538,41728,165,20260914_194714_ogbn-papers100M_FedAvg_bs32_seed42_beta10000p0,True,True
32,144,process_peak_rss_bytes,1679908864,1602.0859375,569538,42912,165,20260914_194714_ogbn-papers100M_FedAvg_bs32_seed42_beta10000p0,True,True
32,145,process_peak_rss_bytes,1665597440,1588.4375,569538,43085,165,20260914_194714_ogbn-papers100M_FedAvg_bs32_seed42_beta10000p0,True,True
32,146,process_peak_rss_bytes,1703428096,1624.515625,569538,43108,165,20260914_194714_ogbn-papers100M_FedAvg_bs32_seed42_beta10000p0,True,True
32,147,process_peak_rss_bytes,1700515840,1621.73828125,569538,43269,165,20260914_194714_ogbn-papers100M_FedAvg_bs32_seed42_beta10000p0,True,True
32,148,process_peak_rss_bytes,1690193920,1611.89453125,569538,42626,165,20260914_194714_ogbn-papers100M_FedAvg_bs32_seed42_beta10000p0,True,True
32,149,process_peak_rss_bytes,1658343424,1581.51953125,569538,42342,165,20260914_194714_ogbn-papers100M_FedAvg_bs32_seed42_beta10000p0,True,True
32,150,process_peak_rss_bytes,1666187264,1589.0,569538,41834,165,20260914_194714_ogbn-papers100M_FedAvg_bs32_seed42_beta10000p0,True,True
32,151,process_peak_rss_bytes,1659039744,1582.18359375,569538,42539,165,20260914_194714_ogbn-papers100M_FedAvg_bs32_seed42_beta10000p0,True,True
32,152,process_peak_rss_bytes,1689583616,1611.3125,569538,41816,165,20260914_194714_ogbn-papers100M_FedAvg_bs32_seed42_beta10000p0,True,True
32,153,process_peak_rss_bytes,1645056000,1568.84765625,569538,42146,165,20260914_194714_ogbn-papers100M_FedAvg_bs32_seed42_beta10000p0,True,True
32,154,process_peak_rss_bytes,1682485248,1604.54296875,569538,42176,165,20260914_194714_ogbn-papers100M_FedAvg_bs32_seed42_beta10000p0,True,True
32,155,process_peak_rss_bytes,1682333696,1604.3984375,569538,42579,165,20260914_194714_ogbn-papers100M_FedAvg_bs32_seed42_beta10000p0,True,True
32,156,process_peak_rss_bytes,1678503936,1600.74609375,569538,42692,165,20260914_194714_ogbn-papers100M_FedAvg_bs32_seed42_beta10000p0,True,True
32,157,process_peak_rss_bytes,1651027968,1574.54296875,569538,42495,165,20260914_194714_ogbn-papers100M_FedAvg_bs32_seed42_beta10000p0,True,True
32,158,process_peak_rss_bytes,1679171584,1601.3828125,569538,42523,165,20260914_194714_ogbn-papers100M_FedAvg_bs32_seed42_beta10000p0,True,True
32,159,process_peak_rss_bytes,1693810688,1615.34375,569538,42420,165,20260914_194714_ogbn-papers100M_FedAvg_bs32_seed42_beta10000p0,True,True
32,160,process_peak_rss_bytes,1703079936,1624.18359375,569538,43253,165,20260914_194714_ogbn-papers100M_FedAvg_bs32_seed42_beta10000p0,True,True
32,161,process_peak_rss_bytes,1704914944,1625.93359375,569538,42194,165,20260914_194714_ogbn-papers100M_FedAvg_bs32_seed42_beta10000p0,True,True
32,162,process_peak_rss_bytes,1673502720,1595.9765625,569538,42360,165,20260914_194714_ogbn-papers100M_FedAvg_bs32_seed42_beta10000p0,True,True
32,163,process_peak_rss_bytes,1683165184,1605.19140625,569538,42567,165,20260914_194714_ogbn-papers100M_FedAvg_bs32_seed42_beta10000p0,True,True
32,164,process_peak_rss_bytes,1702674432,1623.796875,569538,41939,165,20260914_194714_ogbn-papers100M_FedAvg_bs32_seed42_beta10000p0,True,True
32,165,process_peak_rss_bytes,1656668160,1579.921875,569538,43107,165,20260914_194714_ogbn-papers100M_FedAvg_bs32_seed42_beta10000p0,True,True
32,166,process_peak_rss_bytes,1670852608,1593.44921875,569538,42220,165,20260914_194714_ogbn-papers100M_FedAvg_bs32_seed42_beta10000p0,True,True
32,167,process_peak_rss_bytes,1654992896,1578.32421875,569538,41828,165,20260914_194714_ogbn-papers100M_FedAvg_bs32_seed42_beta10000p0,True,True
32,168,process_peak_rss_bytes,1722269696,1642.484375,569538,42494,165,20260914_194714_ogbn-papers100M_FedAvg_bs32_seed42_beta10000p0,True,False
32,169,process_peak_rss_bytes,1708896256,1629.73046875,569538,42483,165,20260914_194714_ogbn-papers100M_FedAvg_bs32_seed42_beta10000p0,True,True
32,170,process_peak_rss_bytes,1699794944,1621.05078125,569538,42465,165,20260914_194714_ogbn-papers100M_FedAvg_bs32_seed42_beta10000p0,True,True
32,171,process_peak_rss_bytes,1681932288,1604.015625,569538,42399,165,20260914_194714_ogbn-papers100M_FedAvg_bs32_seed42_beta10000p0,True,True
32,172,process_peak_rss_bytes,1673854976,1596.3125,569538,42341,165,20260914_194714_ogbn-papers100M_FedAvg_bs32_seed42_beta10000p0,True,True
32,173,process_peak_rss_bytes,1676091392,1598.4453125,569538,42635,165,20260914_194714_ogbn-papers100M_FedAvg_bs32_seed42_beta10000p0,True,True
32,174,process_peak_rss_bytes,1685721088,1607.62890625,569538,42816,165,20260914_194714_ogbn-papers100M_FedAvg_bs32_seed42_beta10000p0,True,True
32,175,process_peak_rss_bytes,1702223872,1623.3671875,569538,42144,165,20260914_194714_ogbn-papers100M_FedAvg_bs32_seed42_beta10000p0,True,True
32,176,process_peak_rss_bytes,1661472768,1584.50390625,569538,42031,165,20260914_194714_ogbn-papers100M_FedAvg_bs32_seed42_beta10000p0,True,True
32,177,process_peak_rss_bytes,1682214912,1604.28515625,569538,42925,165,20260914_194714_ogbn-papers100M_FedAvg_bs32_seed42_beta10000p0,True,True
32,178,process_peak_rss_bytes,1687527424,1609.3515625,569538,42505,165,20260914_194714_ogbn-papers100M_FedAvg_bs32_seed42_beta10000p0,True,True
32,179,process_peak_rss_bytes,1653706752,1577.09765625,569538,42742,165,20260914_194714_ogbn-papers100M_FedAvg_bs32_seed42_beta10000p0,True,True
32,180,process_peak_rss_bytes,1681969152,1604.05078125,569538,42844,165,20260914_194714_ogbn-papers100M_FedAvg_bs32_seed42_beta10000p0,True,True
32,181,process_peak_rss_bytes,1701515264,1622.69140625,569538,42424,165,20260914_194714_ogbn-papers100M_FedAvg_bs32_seed42_beta10000p0,True,True
32,182,process_peak_rss_bytes,1677660160,1599.94140625,569538,42304,165,20260914_194714_ogbn-papers100M_FedAvg_bs32_seed42_beta10000p0,True,True
32,183,process_peak_rss_bytes,1667231744,1589.99609375,569538,41650,165,20260914_194714_ogbn-papers100M_FedAvg_bs32_seed42_beta10000p0,True,True
32,184,process_peak_rss_bytes,1676656640,1598.984375,569538,42971,165,20260914_194714_ogbn-papers100M_FedAvg_bs32_seed42_beta10000p0,True,True
32,185,process_peak_rss_bytes,1674481664,1596.91015625,569538,41887,165,20260914_194714_ogbn-papers100M_FedAvg_bs32_seed42_beta10000p0,True,True
32,186,process_peak_rss_bytes,1691029504,1612.69140625,569538,42308,165,20260914_194714_ogbn-papers100M_FedAvg_bs32_seed42_beta10000p0,True,True
32,187,process_peak_rss_bytes,1651441664,1574.9375,569538,42395,165,20260914_194714_ogbn-papers100M_FedAvg_bs32_seed42_beta10000p0,True,True
32,188,process_peak_rss_bytes,1667915776,1590.6484375,569538,42504,165,20260914_194714_ogbn-papers100M_FedAvg_bs32_seed42_beta10000p0,True,True
32,189,process_peak_rss_bytes,1677897728,1600.16796875,569538,41857,165,20260914_194714_ogbn-papers100M_FedAvg_bs32_seed42_beta10000p0,True,True
32,190,process_peak_rss_bytes,1687846912,1609.65625,569538,42537,165,20260914_194714_ogbn-papers100M_FedAvg_bs32_seed42_beta10000p0,True,True
32,191,process_peak_rss_bytes,1667768320,1590.5078125,569538,42364,165,20260914_194714_ogbn-papers100M_FedAvg_bs32_seed42_beta10000p0,True,True
32,192,process_peak_rss_bytes,1681616896,1603.71484375,569538,42279,165,20260914_194714_ogbn-papers100M_FedAvg_bs32_seed42_beta10000p0,True,True
32,193,process_peak_rss_bytes,1694474240,1615.9765625,569538,42402,165,20260914_194714_ogbn-papers100M_FedAvg_bs32_seed42_beta10000p0,True,True
32,194,process_peak_rss_bytes,1669169152,1591.84375,569538,42488,165,20260914_194714_ogbn-papers100M_FedAvg_bs32_seed42_beta10000p0,True,True
64,0,process_peak_rss_bytes,1628434432,1552.99609375,569539,42085,165,20260914_200157_ogbn-papers100M_FedAvg_bs64_seed42_beta10000p0,True,True
64,1,process_peak_rss_bytes,1596088320,1522.1484375,569539,42192,165,20260914_200157_ogbn-papers100M_FedAvg_bs64_seed42_beta10000p0,True,False
64,2,process_peak_rss_bytes,1621766144,1546.63671875,569539,42649,165,20260914_200157_ogbn-papers100M_FedAvg_bs64_seed42_beta10000p0,True,False
64,3,process_peak_rss_bytes,1635889152,1560.10546875,569539,42566,165,20260914_200157_ogbn-papers100M_FedAvg_bs64_seed42_beta10000p0,True,True
64,4,process_peak_rss_bytes,1625985024,1550.66015625,569539,42106,165,20260914_200157_ogbn-papers100M_FedAvg_bs64_seed42_beta10000p0,True,True
64,5,process_peak_rss_bytes,1636020224,1560.23046875,569539,42478,165,20260914_200157_ogbn-papers100M_FedAvg_bs64_seed42_beta10000p0,True,True
64,6,process_peak_rss_bytes,1673166848,1595.65625,569539,41630,165,20260914_200157_ogbn-papers100M_FedAvg_bs64_seed42_beta10000p0,True,True
64,7,process_peak_rss_bytes,1633804288,1558.1171875,569539,42632,165,20260914_200157_ogbn-papers100M_FedAvg_bs64_seed42_beta10000p0,True,True
64,8,process_peak_rss_bytes,1626521600,1551.171875,569539,41951,165,20260914_200157_ogbn-papers100M_FedAvg_bs64_seed42_beta10000p0,True,True
64,9,process_peak_rss_bytes,1630072832,1554.55859375,569539,43121,165,20260914_200157_ogbn-papers100M_FedAvg_bs64_seed42_beta10000p0,True,True
64,10,process_peak_rss_bytes,1642479616,1566.390625,569539,42455,165,20260914_200157_ogbn-papers100M_FedAvg_bs64_seed42_beta10000p0,True,True
64,11,process_peak_rss_bytes,1625518080,1550.21484375,569539,42613,165,20260914_200157_ogbn-papers100M_FedAvg_bs64_seed42_beta10000p0,True,True
64,12,process_peak_rss_bytes,1601150976,1526.9765625,569539,42902,165,20260914_200157_ogbn-papers100M_FedAvg_bs64_seed42_beta10000p0,True,False
64,13,process_peak_rss_bytes,1606033408,1531.6328125,569539,42317,165,20260914_200157_ogbn-papers100M_FedAvg_bs64_seed42_beta10000p0,True,False
64,14,process_peak_rss_bytes,1672409088,1594.93359375,569539,42296,165,20260914_200157_ogbn-papers100M_FedAvg_bs64_seed42_beta10000p0,True,True
64,15,process_peak_rss_bytes,1635799040,1560.01953125,569539,42146,165,20260914_200157_ogbn-papers100M_FedAvg_bs64_seed42_beta10000p0,True,True
64,16,process_peak_rss_bytes,1632206848,1556.59375,569539,41922,165,20260914_200157_ogbn-papers100M_FedAvg_bs64_seed42_beta10000p0,True,True
64,17,process_peak_rss_bytes,1638707200,1562.79296875,569539,42390,165,20260914_200157_ogbn-papers100M_FedAvg_bs64_seed42_beta10000p0,True,True
64,18,process_peak_rss_bytes,1621852160,1546.71875,569539,41847,165,20260914_200157_ogbn-papers100M_FedAvg_bs64_seed42_beta10000p0,True,False
64,19,process_peak_rss_bytes,1624473600,1549.21875,569539,42582,165,20260914_200157_ogbn-papers100M_FedAvg_bs64_seed42_beta10000p0,True,True
64,20,process_peak_rss_bytes,1596985344,1523.00390625,569539,42966,165,20260914_200157_ogbn-papers100M_FedAvg_bs64_seed42_beta10000p0,True,False
64,21,process_peak_rss_bytes,1611575296,1536.91796875,569539,42584,165,20260914_200157_ogbn-papers100M_FedAvg_bs64_seed42_beta10000p0,True,False
64,22,process_peak_rss_bytes,1620766720,1545.68359375,569539,42003,165,20260914_200157_ogbn-papers100M_FedAvg_bs64_seed42_beta10000p0,True,False
64,23,process_peak_rss_bytes,1618083840,1543.125,569539,42415,165,20260914_200157_ogbn-papers100M_FedAvg_bs64_seed42_beta10000p0,True,False
64,24,process_peak_rss_bytes,1619439616,1544.41796875,569539,41850,165,20260914_200157_ogbn-papers100M_FedAvg_bs64_seed42_beta10000p0,True,False
64,25,process_peak_rss_bytes,1607888896,1533.40234375,569539,42152,165,20260914_200157_ogbn-papers100M_FedAvg_bs64_seed42_beta10000p0,True,False
64,26,process_peak_rss_bytes,1670639616,1593.24609375,569539,42344,165,20260914_200157_ogbn-papers100M_FedAvg_bs64_seed42_beta10000p0,True,True
64,27,process_peak_rss_bytes,1618915328,1543.91796875,569539,42322,165,20260914_200157_ogbn-papers100M_FedAvg_bs64_seed42_beta10000p0,True,False
64,28,process_peak_rss_bytes,1603244032,1528.97265625,569539,43060,165,20260914_200157_ogbn-papers100M_FedAvg_bs64_seed42_beta10000p0,True,False
64,29,process_peak_rss_bytes,1643008000,1566.89453125,569539,43189,165,20260914_200157_ogbn-papers100M_FedAvg_bs64_seed42_beta10000p0,True,True
64,30,process_peak_rss_bytes,1669582848,1592.23828125,569539,42646,165,20260914_200157_ogbn-papers100M_FedAvg_bs64_seed42_beta10000p0,True,True
64,31,process_peak_rss_bytes,1620049920,1545.0,569539,42757,165,20260914_200157_ogbn-papers100M_FedAvg_bs64_seed42_beta10000p0,True,False
64,32,process_peak_rss_bytes,1596612608,1522.6484375,569539,42148,165,20260914_200157_ogbn-papers100M_FedAvg_bs64_seed42_beta10000p0,True,False
64,33,process_peak_rss_bytes,1607884800,1533.3984375,569539,43164,165,20260914_200157_ogbn-papers100M_FedAvg_bs64_seed42_beta10000p0,True,False
64,34,process_peak_rss_bytes,1612886016,1538.16796875,569539,42454,165,20260914_200157_ogbn-papers100M_FedAvg_bs64_seed42_beta10000p0,True,False
64,35,process_peak_rss_bytes,1611530240,1536.875,569539,43289,165,20260914_200157_ogbn-papers100M_FedAvg_bs64_seed42_beta10000p0,True,False
64,36,process_peak_rss_bytes,1651724288,1575.20703125,569539,42743,165,20260914_200157_ogbn-papers100M_FedAvg_bs64_seed42_beta10000p0,True,True
64,37,process_peak_rss_bytes,1652486144,1575.93359375,569539,42489,165,20260914_200157_ogbn-papers100M_FedAvg_bs64_seed42_beta10000p0,True,True
64,38,process_peak_rss_bytes,1631363072,1555.7890625,569539,43384,165,20260914_200157_ogbn-papers100M_FedAvg_bs64_seed42_beta10000p0,True,True
64,39,process_peak_rss_bytes,1611251712,1536.609375,569539,43634,165,20260914_200157_ogbn-papers100M_FedAvg_bs64_seed42_beta10000p0,True,False
64,40,process_peak_rss_bytes,1630679040,1555.13671875,569539,42548,165,20260914_200157_ogbn-papers100M_FedAvg_bs64_seed42_beta10000p0,True,True
64,41,process_peak_rss_bytes,1593901056,1520.0625,569539,42113,165,20260914_200157_ogbn-papers100M_FedAvg_bs64_seed42_beta10000p0,True,False
64,42,process_peak_rss_bytes,1588203520,1514.62890625,569539,42360,165,20260914_200157_ogbn-papers100M_FedAvg_bs64_seed42_beta10000p0,True,False
64,43,process_peak_rss_bytes,1629036544,1553.5703125,569539,42194,165,20260914_200157_ogbn-papers100M_FedAvg_bs64_seed42_beta10000p0,True,True
64,44,process_peak_rss_bytes,1629814784,1554.3125,569539,42371,165,20260914_200157_ogbn-papers100M_FedAvg_bs64_seed42_beta10000p0,True,True
64,45,process_peak_rss_bytes,1619390464,1544.37109375,569539,42610,165,20260914_200157_ogbn-papers100M_FedAvg_bs64_seed42_beta10000p0,True,False
64,46,process_peak_rss_bytes,1656442880,1579.70703125,569538,42482,165,20260914_200157_ogbn-papers100M_FedAvg_bs64_seed42_beta10000p0,True,True
64,47,process_peak_rss_bytes,1689948160,1611.66015625,569538,42568,165,20260914_200157_ogbn-papers100M_FedAvg_bs64_seed42_beta10000p0,True,True
64,48,process_peak_rss_bytes,1667502080,1590.25390625,569538,42836,165,20260914_200157_ogbn-papers100M_FedAvg_bs64_seed42_beta10000p0,True,True
64,49,process_peak_rss_bytes,1659375616,1582.50390625,569538,42558,165,20260914_200157_ogbn-papers100M_FedAvg_bs64_seed42_beta10000p0,True,True
64,50,process_peak_rss_bytes,1698136064,1619.46875,569538,42598,165,20260914_200157_ogbn-papers100M_FedAvg_bs64_seed42_beta10000p0,True,True
64,51,process_peak_rss_bytes,1661595648,1584.62109375,569538,42423,165,20260914_200157_ogbn-papers100M_FedAvg_bs64_seed42_beta10000p0,True,True
64,52,process_peak_rss_bytes,1682726912,1604.7734375,569538,42096,165,20260914_200157_ogbn-papers100M_FedAvg_bs64_seed42_beta10000p0,True,True
64,53,process_peak_rss_bytes,1681514496,1603.6171875,569538,42819,165,20260914_200157_ogbn-papers100M_FedAvg_bs64_seed42_beta10000p0,True,True
64,54,process_peak_rss_bytes,1660481536,1583.55859375,569538,41987,165,20260914_200157_ogbn-papers100M_FedAvg_bs64_seed42_beta10000p0,True,True
64,55,process_peak_rss_bytes,1682313216,1604.37890625,569538,42945,165,20260914_200157_ogbn-papers100M_FedAvg_bs64_seed42_beta10000p0,True,True
64,56,process_peak_rss_bytes,1653362688,1576.76953125,569538,42997,165,20260914_200157_ogbn-papers100M_FedAvg_bs64_seed42_beta10000p0,True,True
64,57,process_peak_rss_bytes,1648541696,1572.171875,569538,42743,165,20260914_200157_ogbn-papers100M_FedAvg_bs64_seed42_beta10000p0,True,True
64,58,process_peak_rss_bytes,1660993536,1584.046875,569538,43148,165,20260914_200157_ogbn-papers100M_FedAvg_bs64_seed42_beta10000p0,True,True
64,59,process_peak_rss_bytes,1694670848,1616.1640625,569538,42756,165,20260914_200157_ogbn-papers100M_FedAvg_bs64_seed42_beta10000p0,True,True
64,60,process_peak_rss_bytes,1663070208,1586.02734375,569538,41749,165,20260914_200157_ogbn-papers100M_FedAvg_bs64_seed42_beta10000p0,True,True
64,61,process_peak_rss_bytes,1698758656,1620.0625,569538,42354,165,20260914_200157_ogbn-papers100M_FedAvg_bs64_seed42_beta10000p0,True,True
64,62,process_peak_rss_bytes,1685299200,1607.2265625,569538,43049,165,20260914_200157_ogbn-papers100M_FedAvg_bs64_seed42_beta10000p0,True,True
64,63,process_peak_rss_bytes,1673588736,1596.05859375,569538,42524,165,20260914_200157_ogbn-papers100M_FedAvg_bs64_seed42_beta10000p0,True,True
64,64,process_peak_rss_bytes,1683116032,1605.14453125,569538,42105,165,20260914_200157_ogbn-papers100M_FedAvg_bs64_seed42_beta10000p0,True,True
64,65,process_peak_rss_bytes,1703731200,1624.8046875,569538,42707,165,20260914_200157_ogbn-papers100M_FedAvg_bs64_seed42_beta10000p0,True,True
64,66,process_peak_rss_bytes,1662234624,1585.23046875,569538,42115,165,20260914_200157_ogbn-papers100M_FedAvg_bs64_seed42_beta10000p0,True,True
64,67,process_peak_rss_bytes,1701982208,1623.13671875,569538,42991,165,20260914_200157_ogbn-papers100M_FedAvg_bs64_seed42_beta10000p0,True,True
64,68,process_peak_rss_bytes,1678082048,1600.34375,569538,42019,165,20260914_200157_ogbn-papers100M_FedAvg_bs64_seed42_beta10000p0,True,True
64,69,process_peak_rss_bytes,1706680320,1627.6171875,569538,42344,165,20260914_200157_ogbn-papers100M_FedAvg_bs64_seed42_beta10000p0,True,True
64,70,process_peak_rss_bytes,1668063232,1590.7890625,569538,42297,165,20260914_200157_ogbn-papers100M_FedAvg_bs64_seed42_beta10000p0,True,True
64,71,process_peak_rss_bytes,1676099584,1598.453125,569538,42864,165,20260914_200157_ogbn-papers100M_FedAvg_bs64_seed42_beta10000p0,True,True
64,72,process_peak_rss_bytes,1667284992,1590.046875,569538,42513,165,20260914_200157_ogbn-papers100M_FedAvg_bs64_seed42_beta10000p0,True,True
64,73,process_peak_rss_bytes,1685819392,1607.72265625,569538,41910,165,20260914_200157_ogbn-papers100M_FedAvg_bs64_seed42_beta10000p0,True,True
64,74,process_peak_rss_bytes,1700696064,1621.91015625,569538,42845,165,20260914_200157_ogbn-papers100M_FedAvg_bs64_seed42_beta10000p0,True,True
64,75,process_peak_rss_bytes,1676709888,1599.03515625,569538,42471,165,20260914_200157_ogbn-papers100M_FedAvg_bs64_seed42_beta10000p0,True,True
64,76,process_peak_rss_bytes,1668378624,1591.08984375,569538,42738,165,20260914_200157_ogbn-papers100M_FedAvg_bs64_seed42_beta10000p0,True,True
64,77,process_peak_rss_bytes,1680433152,1602.5859375,569538,42424,165,20260914_200157_ogbn-papers100M_FedAvg_bs64_seed42_beta10000p0,True,True
64,78,process_peak_rss_bytes,1679368192,1601.5703125,569538,42456,165,20260914_200157_ogbn-papers100M_FedAvg_bs64_seed42_beta10000p0,True,True
64,79,process_peak_rss_bytes,1659912192,1583.015625,569538,42850,165,20260914_200157_ogbn-papers100M_FedAvg_bs64_seed42_beta10000p0,True,True
64,80,process_peak_rss_bytes,1702133760,1623.28125,569538,42105,165,20260914_200157_ogbn-papers100M_FedAvg_bs64_seed42_beta10000p0,True,True
64,81,process_peak_rss_bytes,1700569088,1621.7890625,569538,43104,165,20260914_200157_ogbn-papers100M_FedAvg_bs64_seed42_beta10000p0,True,True
64,82,process_peak_rss_bytes,1680936960,1603.06640625,569538,42245,165,20260914_200157_ogbn-papers100M_FedAvg_bs64_seed42_beta10000p0,True,True
64,83,process_peak_rss_bytes,1648910336,1572.5234375,569538,42180,165,20260914_200157_ogbn-papers100M_FedAvg_bs64_seed42_beta10000p0,True,True
64,84,process_peak_rss_bytes,1680621568,1602.765625,569538,42400,165,20260914_200157_ogbn-papers100M_FedAvg_bs64_seed42_beta10000p0,True,True
64,85,process_peak_rss_bytes,1676009472,1598.3671875,569538,42420,165,20260914_200157_ogbn-papers100M_FedAvg_bs64_seed42_beta10000p0,True,True
64,86,process_peak_rss_bytes,1683501056,1605.51171875,569538,42300,165,20260914_200157_ogbn-papers100M_FedAvg_bs64_seed42_beta10000p0,True,True
64,87,process_peak_rss_bytes,1700974592,1622.17578125,569538,42097,165,20260914_200157_ogbn-papers100M_FedAvg_bs64_seed42_beta10000p0,True,True
64,88,process_peak_rss_bytes,1648640000,1572.265625,569538,43090,165,20260914_200157_ogbn-papers100M_FedAvg_bs64_seed42_beta10000p0,True,True
64,89,process_peak_rss_bytes,1693171712,1614.734375,569538,42182,165,20260914_200157_ogbn-papers100M_FedAvg_bs64_seed42_beta10000p0,True,True
64,90,process_peak_rss_bytes,1686360064,1608.23828125,569538,42803,165,20260914_200157_ogbn-papers100M_FedAvg_bs64_seed42_beta10000p0,True,True
64,91,process_peak_rss_bytes,1673056256,1595.55078125,569538,42567,165,20260914_200157_ogbn-papers100M_FedAvg_bs64_seed42_beta10000p0,True,True
64,92,process_peak_rss_bytes,1677930496,1600.19921875,569538,42263,165,20260914_200157_ogbn-papers100M_FedAvg_bs64_seed42_beta10000p0,True,True
64,93,process_peak_rss_bytes,1669664768,1592.31640625,569538,41896,165,20260914_200157_ogbn-papers100M_FedAvg_bs64_seed42_beta10000p0,True,True
64,94,process_peak_rss_bytes,1659076608,1582.21875,569538,42067,165,20260914_200157_ogbn-papers100M_FedAvg_bs64_seed42_beta10000p0,True,True
64,95,process_peak_rss_bytes,1636786176,1560.9609375,569538,41918,165,20260914_200157_ogbn-papers100M_FedAvg_bs64_seed42_beta10000p0,True,True
64,96,process_peak_rss_bytes,1696247808,1617.66796875,569538,42003,165,20260914_200157_ogbn-papers100M_FedAvg_bs64_seed42_beta10000p0,True,True
64,97,process_peak_rss_bytes,1690288128,1611.984375,569538,42810,165,20260914_200157_ogbn-papers100M_FedAvg_bs64_seed42_beta10000p0,True,True
64,98,process_peak_rss_bytes,1647050752,1570.75,569538,42584,165,20260914_200157_ogbn-papers100M_FedAvg_bs64_seed42_beta10000p0,True,True
64,99,process_peak_rss_bytes,1673297920,1595.78125,569538,42216,165,20260914_200157_ogbn-papers100M_FedAvg_bs64_seed42_beta10000p0,True,True
64,100,process_peak_rss_bytes,1681145856,1603.265625,569538,42148,165,20260914_200157_ogbn-papers100M_FedAvg_bs64_seed42_beta10000p0,True,True
64,101,process_peak_rss_bytes,1673027584,1595.5234375,569538,41381,165,20260914_200157_ogbn-papers100M_FedAvg_bs64_seed42_beta10000p0,True,True
64,102,process_peak_rss_bytes,1697234944,1618.609375,569538,42621,165,20260914_200157_ogbn-papers100M_FedAvg_bs64_seed42_beta10000p0,True,True
64,103,process_peak_rss_bytes,1667788800,1590.52734375,569538,42422,165,20260914_200157_ogbn-papers100M_FedAvg_bs64_seed42_beta10000p0,True,True
64,104,process_peak_rss_bytes,1648922624,1572.53515625,569538,42519,165,20260914_200157_ogbn-papers100M_FedAvg_bs64_seed42_beta10000p0,True,True
64,105,process_peak_rss_bytes,1647321088,1571.0078125,569538,42552,165,20260914_200157_ogbn-papers100M_FedAvg_bs64_seed42_beta10000p0,True,True
64,106,process_peak_rss_bytes,1701867520,1623.02734375,569538,42631,165,20260914_200157_ogbn-papers100M_FedAvg_bs64_seed42_beta10000p0,True,True
64,107,process_peak_rss_bytes,1695268864,1616.734375,569538,42612,165,20260914_200157_ogbn-papers100M_FedAvg_bs64_seed42_beta10000p0,True,True
64,108,process_peak_rss_bytes,1703018496,1624.125,569538,42490,165,20260914_200157_ogbn-papers100M_FedAvg_bs64_seed42_beta10000p0,True,True
64,109,process_peak_rss_bytes,1664008192,1586.921875,569538,42260,165,20260914_200157_ogbn-papers100M_FedAvg_bs64_seed42_beta10000p0,True,True
64,110,process_peak_rss_bytes,1698516992,1619.83203125,569538,42979,165,20260914_200157_ogbn-papers100M_FedAvg_bs64_seed42_beta10000p0,True,True
64,111,process_peak_rss_bytes,1693605888,1615.1484375,569538,41990,165,20260914_200157_ogbn-papers100M_FedAvg_bs64_seed42_beta10000p0,True,True
64,112,process_peak_rss_bytes,1663209472,1586.16015625,569538,41881,165,20260914_200157_ogbn-papers100M_FedAvg_bs64_seed42_beta10000p0,True,True
64,113,process_peak_rss_bytes,1658138624,1581.32421875,569538,42543,165,20260914_200157_ogbn-papers100M_FedAvg_bs64_seed42_beta10000p0,True,True
64,114,process_peak_rss_bytes,1663123456,1586.078125,569538,42145,165,20260914_200157_ogbn-papers100M_FedAvg_bs64_seed42_beta10000p0,True,True
64,115,process_peak_rss_bytes,1688104960,1609.90234375,569538,42653,165,20260914_200157_ogbn-papers100M_FedAvg_bs64_seed42_beta10000p0,True,True
64,116,process_peak_rss_bytes,1660039168,1583.13671875,569538,42140,165,20260914_200157_ogbn-papers100M_FedAvg_bs64_seed42_beta10000p0,True,True
64,117,process_peak_rss_bytes,1689772032,1611.4921875,569538,42206,165,20260914_200157_ogbn-papers100M_FedAvg_bs64_seed42_beta10000p0,True,True
64,118,process_peak_rss_bytes,1656102912,1579.3828125,569538,41664,165,20260914_200157_ogbn-papers100M_FedAvg_bs64_seed42_beta10000p0,True,True
64,119,process_peak_rss_bytes,1710665728,1631.41796875,569538,42642,165,20260914_200157_ogbn-papers100M_FedAvg_bs64_seed42_beta10000p0,True,False
64,120,process_peak_rss_bytes,1674809344,1597.22265625,569538,43040,165,20260914_200157_ogbn-papers100M_FedAvg_bs64_seed42_beta10000p0,True,True
64,121,process_peak_rss_bytes,1696538624,1617.9453125,569538,41451,165,20260914_200157_ogbn-papers100M_FedAvg_bs64_seed42_beta10000p0,True,True
64,122,process_peak_rss_bytes,1696604160,1618.0078125,569538,42278,165,20260914_200157_ogbn-papers100M_FedAvg_bs64_seed42_beta10000p0,True,True
64,123,process_peak_rss_bytes,1686466560,1608.33984375,569538,42105,165,20260914_200157_ogbn-papers100M_FedAvg_bs64_seed42_beta10000p0,True,True
64,124,process_peak_rss_bytes,1701462016,1622.640625,569538,43578,165,20260914_200157_ogbn-papers100M_FedAvg_bs64_seed42_beta10000p0,True,True
64,125,process_peak_rss_bytes,1669861376,1592.50390625,569538,42832,165,20260914_200157_ogbn-papers100M_FedAvg_bs64_seed42_beta10000p0,True,True
64,126,process_peak_rss_bytes,1656987648,1580.2265625,569538,42506,165,20260914_200157_ogbn-papers100M_FedAvg_bs64_seed42_beta10000p0,True,True
64,127,process_peak_rss_bytes,1655541760,1578.84765625,569538,42021,165,20260914_200157_ogbn-papers100M_FedAvg_bs64_seed42_beta10000p0,True,True
64,128,process_peak_rss_bytes,1701363712,1622.546875,569538,42892,165,20260914_200157_ogbn-papers100M_FedAvg_bs64_seed42_beta10000p0,True,True
64,129,process_peak_rss_bytes,1659547648,1582.66796875,569538,42089,165,20260914_200157_ogbn-papers100M_FedAvg_bs64_seed42_beta10000p0,True,True
64,130,process_peak_rss_bytes,1645146112,1568.93359375,569538,42978,165,20260914_200157_ogbn-papers100M_FedAvg_bs64_seed42_beta10000p0,True,True
64,131,process_peak_rss_bytes,1680560128,1602.70703125,569538,42644,165,20260914_200157_ogbn-papers100M_FedAvg_bs64_seed42_beta10000p0,True,True
64,132,process_peak_rss_bytes,1687900160,1609.70703125,569538,42241,165,20260914_200157_ogbn-papers100M_FedAvg_bs64_seed42_beta10000p0,True,True
64,133,process_peak_rss_bytes,1683451904,1605.46484375,569538,42714,165,20260914_200157_ogbn-papers100M_FedAvg_bs64_seed42_beta10000p0,True,True
64,134,process_peak_rss_bytes,1664696320,1587.578125,569538,44260,165,20260914_200157_ogbn-papers100M_FedAvg_bs64_seed42_beta10000p0,True,True
64,135,process_peak_rss_bytes,1672175616,1594.7109375,569538,42984,165,20260914_200157_ogbn-papers100M_FedAvg_bs64_seed42_beta10000p0,True,True
64,136,process_peak_rss_bytes,1674338304,1596.7734375,569538,43648,165,20260914_200157_ogbn-papers100M_FedAvg_bs64_seed42_beta10000p0,True,True
64,137,process_peak_rss_bytes,1691406336,1613.05078125,569538,43556,165,20260914_200157_ogbn-papers100M_FedAvg_bs64_seed42_beta10000p0,True,True
64,138,process_peak_rss_bytes,1658458112,1581.62890625,569538,42964,165,20260914_200157_ogbn-papers100M_FedAvg_bs64_seed42_beta10000p0,True,True
64,139,process_peak_rss_bytes,1676636160,1598.96484375,569538,42537,165,20260914_200157_ogbn-papers100M_FedAvg_bs64_seed42_beta10000p0,True,True
64,140,process_peak_rss_bytes,1675501568,1597.8828125,569538,42870,165,20260914_200157_ogbn-papers100M_FedAvg_bs64_seed42_beta10000p0,True,True
64,141,process_peak_rss_bytes,1713078272,1633.71875,569538,42495,165,20260914_200157_ogbn-papers100M_FedAvg_bs64_seed42_beta10000p0,True,False
64,142,process_peak_rss_bytes,1707503616,1628.40234375,569538,42349,165,20260914_200157_ogbn-papers100M_FedAvg_bs64_seed42_beta10000p0,True,True
64,143,process_peak_rss_bytes,1677299712,1599.59765625,569538,41728,165,20260914_200157_ogbn-papers100M_FedAvg_bs64_seed42_beta10000p0,True,True
64,144,process_peak_rss_bytes,1671151616,1593.734375,569538,42912,165,20260914_200157_ogbn-papers100M_FedAvg_bs64_seed42_beta10000p0,True,True
64,145,process_peak_rss_bytes,1688477696,1610.2578125,569538,43085,165,20260914_200157_ogbn-papers100M_FedAvg_bs64_seed42_beta10000p0,True,True
64,146,process_peak_rss_bytes,1671548928,1594.11328125,569538,43108,165,20260914_200157_ogbn-papers100M_FedAvg_bs64_seed42_beta10000p0,True,True
64,147,process_peak_rss_bytes,1689731072,1611.453125,569538,43269,165,20260914_200157_ogbn-papers100M_FedAvg_bs64_seed42_beta10000p0,True,True
64,148,process_peak_rss_bytes,1670520832,1593.1328125,569538,42626,165,20260914_200157_ogbn-papers100M_FedAvg_bs64_seed42_beta10000p0,True,True
64,149,process_peak_rss_bytes,1677266944,1599.56640625,569538,42342,165,20260914_200157_ogbn-papers100M_FedAvg_bs64_seed42_beta10000p0,True,True
64,150,process_peak_rss_bytes,1695076352,1616.55078125,569538,41834,165,20260914_200157_ogbn-papers100M_FedAvg_bs64_seed42_beta10000p0,True,True
64,151,process_peak_rss_bytes,1685565440,1607.48046875,569538,42539,165,20260914_200157_ogbn-papers100M_FedAvg_bs64_seed42_beta10000p0,True,True
64,152,process_peak_rss_bytes,1701089280,1622.28515625,569538,41816,165,20260914_200157_ogbn-papers100M_FedAvg_bs64_seed42_beta10000p0,True,True
64,153,process_peak_rss_bytes,1673584640,1596.0546875,569538,42146,165,20260914_200157_ogbn-papers100M_FedAvg_bs64_seed42_beta10000p0,True,True
64,154,process_peak_rss_bytes,1698631680,1619.94140625,569538,42176,165,20260914_200157_ogbn-papers100M_FedAvg_bs64_seed42_beta10000p0,True,True
64,155,process_peak_rss_bytes,1684774912,1606.7265625,569538,42579,165,20260914_200157_ogbn-papers100M_FedAvg_bs64_seed42_beta10000p0,True,True
64,156,process_peak_rss_bytes,1684971520,1606.9140625,569538,42692,165,20260914_200157_ogbn-papers100M_FedAvg_bs64_seed42_beta10000p0,True,True
64,157,process_peak_rss_bytes,1671503872,1594.0703125,569538,42495,165,20260914_200157_ogbn-papers100M_FedAvg_bs64_seed42_beta10000p0,True,True
64,158,process_peak_rss_bytes,1677783040,1600.05859375,569538,42523,165,20260914_200157_ogbn-papers100M_FedAvg_bs64_seed42_beta10000p0,True,True
64,159,process_peak_rss_bytes,1669926912,1592.56640625,569538,42420,165,20260914_200157_ogbn-papers100M_FedAvg_bs64_seed42_beta10000p0,True,True
64,160,process_peak_rss_bytes,1693028352,1614.59765625,569538,43253,165,20260914_200157_ogbn-papers100M_FedAvg_bs64_seed42_beta10000p0,True,True
64,161,process_peak_rss_bytes,1696055296,1617.484375,569538,42194,165,20260914_200157_ogbn-papers100M_FedAvg_bs64_seed42_beta10000p0,True,True
64,162,process_peak_rss_bytes,1667883008,1590.6171875,569538,42360,165,20260914_200157_ogbn-papers100M_FedAvg_bs64_seed42_beta10000p0,True,True
64,163,process_peak_rss_bytes,1676697600,1599.0234375,569538,42567,165,20260914_200157_ogbn-papers100M_FedAvg_bs64_seed42_beta10000p0,True,True
64,164,process_peak_rss_bytes,1667403776,1590.16015625,569538,41939,165,20260914_200157_ogbn-papers100M_FedAvg_bs64_seed42_beta10000p0,True,True
64,165,process_peak_rss_bytes,1667936256,1590.66796875,569538,43107,165,20260914_200157_ogbn-papers100M_FedAvg_bs64_seed42_beta10000p0,True,True
64,166,process_peak_rss_bytes,1678422016,1600.66796875,569538,42220,165,20260914_200157_ogbn-papers100M_FedAvg_bs64_seed42_beta10000p0,True,True
64,167,process_peak_rss_bytes,1668825088,1591.515625,569538,41828,165,20260914_200157_ogbn-papers100M_FedAvg_bs64_seed42_beta10000p0,True,True
64,168,process_peak_rss_bytes,1675149312,1597.546875,569538,42494,165,20260914_200157_ogbn-papers100M_FedAvg_bs64_seed42_beta10000p0,True,True
64,169,process_peak_rss_bytes,1669201920,1591.875,569538,42483,165,20260914_200157_ogbn-papers100M_FedAvg_bs64_seed42_beta10000p0,True,True
64,170,process_peak_rss_bytes,1685577728,1607.4921875,569538,42465,165,20260914_200157_ogbn-papers100M_FedAvg_bs64_seed42_beta10000p0,True,True
64,171,process_peak_rss_bytes,1671770112,1594.32421875,569538,42399,165,20260914_200157_ogbn-papers100M_FedAvg_bs64_seed42_beta10000p0,True,True
64,172,process_peak_rss_bytes,1690337280,1612.03125,569538,42341,165,20260914_200157_ogbn-papers100M_FedAvg_bs64_seed42_beta10000p0,True,True
64,173,process_peak_rss_bytes,1688711168,1610.48046875,569538,42635,165,20260914_200157_ogbn-papers100M_FedAvg_bs64_seed42_beta10000p0,True,True
64,174,process_peak_rss_bytes,1657692160,1580.8984375,569538,42816,165,20260914_200157_ogbn-papers100M_FedAvg_bs64_seed42_beta10000p0,True,True
64,175,process_peak_rss_bytes,1663455232,1586.39453125,569538,42144,165,20260914_200157_ogbn-papers100M_FedAvg_bs64_seed42_beta10000p0,True,True
64,176,process_peak_rss_bytes,1662754816,1585.7265625,569538,42031,165,20260914_200157_ogbn-papers100M_FedAvg_bs64_seed42_beta10000p0,True,True
64,177,process_peak_rss_bytes,1677000704,1599.3125,569538,42925,165,20260914_200157_ogbn-papers100M_FedAvg_bs64_seed42_beta10000p0,True,True
64,178,process_peak_rss_bytes,1706749952,1627.68359375,569538,42505,165,20260914_200157_ogbn-papers100M_FedAvg_bs64_seed42_beta10000p0,True,True
64,179,process_peak_rss_bytes,1680171008,1602.3359375,569538,42742,165,20260914_200157_ogbn-papers100M_FedAvg_bs64_seed42_beta10000p0,True,True
64,180,process_peak_rss_bytes,1692733440,1614.31640625,569538,42844,165,20260914_200157_ogbn-papers100M_FedAvg_bs64_seed42_beta10000p0,True,True
64,181,process_peak_rss_bytes,1701015552,1622.21484375,569538,42424,165,20260914_200157_ogbn-papers100M_FedAvg_bs64_seed42_beta10000p0,True,True
64,182,process_peak_rss_bytes,1706307584,1627.26171875,569538,42304,165,20260914_200157_ogbn-papers100M_FedAvg_bs64_seed42_beta10000p0,True,True
64,183,process_peak_rss_bytes,1697796096,1619.14453125,569538,41650,165,20260914_200157_ogbn-papers100M_FedAvg_bs64_seed42_beta10000p0,True,True
64,184,process_peak_rss_bytes,1662754816,1585.7265625,569538,42971,165,20260914_200157_ogbn-papers100M_FedAvg_bs64_seed42_beta10000p0,True,True
64,185,process_peak_rss_bytes,1704251392,1625.30078125,569538,41887,165,20260914_200157_ogbn-papers100M_FedAvg_bs64_seed42_beta10000p0,True,True
64,186,process_peak_rss_bytes,1658494976,1581.6640625,569538,42308,165,20260914_200157_ogbn-papers100M_FedAvg_bs64_seed42_beta10000p0,True,True
64,187,process_peak_rss_bytes,1705512960,1626.50390625,569538,42395,165,20260914_200157_ogbn-papers100M_FedAvg_bs64_seed42_beta10000p0,True,True
64,188,process_peak_rss_bytes,1701597184,1622.76953125,569538,42504,165,20260914_200157_ogbn-papers100M_FedAvg_bs64_seed42_beta10000p0,True,True
64,189,process_peak_rss_bytes,1697202176,1618.578125,569538,41857,165,20260914_200157_ogbn-papers100M_FedAvg_bs64_seed42_beta10000p0,True,True
64,190,process_peak_rss_bytes,1668042752,1590.76953125,569538,42537,165,20260914_200157_ogbn-papers100M_FedAvg_bs64_seed42_beta10000p0,True,True
64,191,process_peak_rss_bytes,1673056256,1595.55078125,569538,42364,165,20260914_200157_ogbn-papers100M_FedAvg_bs64_seed42_beta10000p0,True,True
64,192,process_peak_rss_bytes,1675550720,1597.9296875,569538,42279,165,20260914_200157_ogbn-papers100M_FedAvg_bs64_seed42_beta10000p0,True,True
64,193,process_peak_rss_bytes,1691176960,1612.83203125,569538,42402,165,20260914_200157_ogbn-papers100M_FedAvg_bs64_seed42_beta10000p0,True,True
64,194,process_peak_rss_bytes,1666908160,1589.6875,569538,42488,165,20260914_200157_ogbn-papers100M_FedAvg_bs64_seed42_beta10000p0,True,True
