batch_size,training_time_sec,test_accuracy,run_id,seed,global_rounds
16,84.48866,0.29947093083802007,20260914_192750_ogbn-papers100M_FedAvg_bs16_seed42_beta10000p0,42,800
32,85.206056,0.30258750370907556,20260914_194714_ogbn-papers100M_FedAvg_bs32_seed42_beta10000p0,42,800
64,85.574352,0.30372589422272944,20260914_200157_ogbn-papers100M_FedAvg_bs64_seed42_beta10000p0,42,800
128,86.309543,0.30388918648998015,20260914_201408_ogbn-papers100M_FedAvg_bs128_seed42_beta10000p0,42,800
256,88.12114,0.30439306329050253,20260914_202556_ogbn-papers100M_FedAvg_bs256_seed42_beta10000p0,42,800
512,92.316391,0.3041131311266501,20260914_203749_ogbn-papers100M_FedAvg_bs512_seed42_beta10000p0,42,800
1024,98.12149,0.3041644521201307,20260914_204924_ogbn-papers100M_FedAvg_bs1024_seed42_beta10000p0,42,800
2048,111.323727,0.30436040528471714,20260914_211623_ogbn-papers100M_FedAvg_bs2048_seed42_beta10000p0,42,800
4096,161.2878,0.3043790667842289,20260914_212747_ogbn-papers100M_FedAvg_bs4096_seed42_beta10000p0,42,800
