experiment_name,run_id,dataset,method,batch_size,seed,iid_beta,round,evaluation_split,evaluation_acc,evaluation_loss,val_acc,val_loss,local_steps,train_time_sec,comm_time_sec,train_comm_time_sec,cum_train_comm_time_sec
nc_papers100m_10trainer_0hop_local_artifact_bs512_100r,20260828_004135_ogbn-papers100M_FedAvg_bs512_seed42_beta10000p0,ogbn-papers100M,FedAvg,512,42,10000.0,1,validation,0.0057,5.1513,0.0057,5.1513,3,1.35,0.04,1.3900000000000001,1.3900000000000001
nc_papers100m_10trainer_0hop_local_artifact_bs512_100r,20260828_004135_ogbn-papers100M_FedAvg_bs512_seed42_beta10000p0,ogbn-papers100M,FedAvg,512,42,10000.0,2,validation,0.008,5.1425,0.008,5.1425,6,1.0,0.1,1.1,2.49
nc_papers100m_10trainer_0hop_local_artifact_bs512_100r,20260828_004135_ogbn-papers100M_FedAvg_bs512_seed42_beta10000p0,ogbn-papers100M,FedAvg,512,42,10000.0,3,validation,0.0102,5.1344,0.0102,5.1344,9,0.98,0.03,1.01,3.5
nc_papers100m_10trainer_0hop_local_artifact_bs512_100r,20260828_004135_ogbn-papers100M_FedAvg_bs512_seed42_beta10000p0,ogbn-papers100M,FedAvg,512,42,10000.0,4,validation,0.0124,5.1257,0.0124,5.1257,12,0.99,0.03,1.02,4.52
nc_papers100m_10trainer_0hop_local_artifact_bs512_100r,20260828_004135_ogbn-papers100M_FedAvg_bs512_seed42_beta10000p0,ogbn-papers100M,FedAvg,512,42,10000.0,5,validation,0.0139,5.1166,0.0139,5.1166,15,1.01,0.03,1.04,5.56
nc_papers100m_10trainer_0hop_local_artifact_bs512_100r,20260828_004135_ogbn-papers100M_FedAvg_bs512_seed42_beta10000p0,ogbn-papers100M,FedAvg,512,42,10000.0,6,validation,0.0167,5.106,0.0167,5.106,18,1.01,0.03,1.04,6.6
nc_papers100m_10trainer_0hop_local_artifact_bs512_100r,20260828_004135_ogbn-papers100M_FedAvg_bs512_seed42_beta10000p0,ogbn-papers100M,FedAvg,512,42,10000.0,7,validation,0.0191,5.0947,0.0191,5.0947,21,1.0,0.03,1.03,7.63
nc_papers100m_10trainer_0hop_local_artifact_bs512_100r,20260828_004135_ogbn-papers100M_FedAvg_bs512_seed42_beta10000p0,ogbn-papers100M,FedAvg,512,42,10000.0,8,validation,0.0221,5.0819,0.0221,5.0819,24,1.0,0.03,1.03,8.66
nc_papers100m_10trainer_0hop_local_artifact_bs512_100r,20260828_004135_ogbn-papers100M_FedAvg_bs512_seed42_beta10000p0,ogbn-papers100M,FedAvg,512,42,10000.0,9,validation,0.0252,5.0675,0.0252,5.0675,27,1.01,0.03,1.04,9.7
nc_papers100m_10trainer_0hop_local_artifact_bs512_100r,20260828_004135_ogbn-papers100M_FedAvg_bs512_seed42_beta10000p0,ogbn-papers100M,FedAvg,512,42,10000.0,10,validation,0.0287,5.0514,0.0287,5.0514,30,1.01,0.04,1.05,10.75
nc_papers100m_10trainer_0hop_local_artifact_bs512_100r,20260828_004135_ogbn-papers100M_FedAvg_bs512_seed42_beta10000p0,ogbn-papers100M,FedAvg,512,42,10000.0,11,validation,0.0325,5.0339,0.0325,5.0339,33,1.03,0.03,1.06,11.81
nc_papers100m_10trainer_0hop_local_artifact_bs512_100r,20260828_004135_ogbn-papers100M_FedAvg_bs512_seed42_beta10000p0,ogbn-papers100M,FedAvg,512,42,10000.0,12,validation,0.036,5.0162,0.036,5.0162,36,1.01,0.16,1.17,12.98
nc_papers100m_10trainer_0hop_local_artifact_bs512_100r,20260828_004135_ogbn-papers100M_FedAvg_bs512_seed42_beta10000p0,ogbn-papers100M,FedAvg,512,42,10000.0,13,validation,0.0399,4.9973,0.0399,4.9973,39,1.01,0.03,1.04,14.02
nc_papers100m_10trainer_0hop_local_artifact_bs512_100r,20260828_004135_ogbn-papers100M_FedAvg_bs512_seed42_beta10000p0,ogbn-papers100M,FedAvg,512,42,10000.0,14,validation,0.0436,4.9781,0.0436,4.9781,42,1.01,0.03,1.04,15.059999999999999
nc_papers100m_10trainer_0hop_local_artifact_bs512_100r,20260828_004135_ogbn-papers100M_FedAvg_bs512_seed42_beta10000p0,ogbn-papers100M,FedAvg,512,42,10000.0,15,validation,0.0476,4.9579,0.0476,4.9579,45,1.28,0.03,1.31,16.369999999999997
nc_papers100m_10trainer_0hop_local_artifact_bs512_100r,20260828_004135_ogbn-papers100M_FedAvg_bs512_seed42_beta10000p0,ogbn-papers100M,FedAvg,512,42,10000.0,16,validation,0.0513,4.9371,0.0513,4.9371,48,1.01,0.3,1.31,17.679999999999996
nc_papers100m_10trainer_0hop_local_artifact_bs512_100r,20260828_004135_ogbn-papers100M_FedAvg_bs512_seed42_beta10000p0,ogbn-papers100M,FedAvg,512,42,10000.0,17,validation,0.055,4.9171,0.055,4.9171,51,1.0,0.03,1.03,18.709999999999997
nc_papers100m_10trainer_0hop_local_artifact_bs512_100r,20260828_004135_ogbn-papers100M_FedAvg_bs512_seed42_beta10000p0,ogbn-papers100M,FedAvg,512,42,10000.0,18,validation,0.0585,4.8981,0.0585,4.8981,54,1.01,0.03,1.04,19.749999999999996
nc_papers100m_10trainer_0hop_local_artifact_bs512_100r,20260828_004135_ogbn-papers100M_FedAvg_bs512_seed42_beta10000p0,ogbn-papers100M,FedAvg,512,42,10000.0,19,validation,0.0622,4.8794,0.0622,4.8794,57,1.29,0.03,1.32,21.069999999999997
nc_papers100m_10trainer_0hop_local_artifact_bs512_100r,20260828_004135_ogbn-papers100M_FedAvg_bs512_seed42_beta10000p0,ogbn-papers100M,FedAvg,512,42,10000.0,20,validation,0.0651,4.8622,0.0651,4.8622,60,1.0,0.3,1.3,22.369999999999997
nc_papers100m_10trainer_0hop_local_artifact_bs512_100r,20260828_004135_ogbn-papers100M_FedAvg_bs512_seed42_beta10000p0,ogbn-papers100M,FedAvg,512,42,10000.0,21,validation,0.0679,4.8447,0.0679,4.8447,63,1.0,0.03,1.03,23.4
nc_papers100m_10trainer_0hop_local_artifact_bs512_100r,20260828_004135_ogbn-papers100M_FedAvg_bs512_seed42_beta10000p0,ogbn-papers100M,FedAvg,512,42,10000.0,22,validation,0.0703,4.8284,0.0703,4.8284,66,1.01,0.26,1.27,24.669999999999998
nc_papers100m_10trainer_0hop_local_artifact_bs512_100r,20260828_004135_ogbn-papers100M_FedAvg_bs512_seed42_beta10000p0,ogbn-papers100M,FedAvg,512,42,10000.0,23,validation,0.0728,4.8122,0.0728,4.8122,69,1.01,0.03,1.04,25.709999999999997
nc_papers100m_10trainer_0hop_local_artifact_bs512_100r,20260828_004135_ogbn-papers100M_FedAvg_bs512_seed42_beta10000p0,ogbn-papers100M,FedAvg,512,42,10000.0,24,validation,0.0755,4.7955,0.0755,4.7955,72,1.0,0.03,1.03,26.74
nc_papers100m_10trainer_0hop_local_artifact_bs512_100r,20260828_004135_ogbn-papers100M_FedAvg_bs512_seed42_beta10000p0,ogbn-papers100M,FedAvg,512,42,10000.0,25,validation,0.0778,4.7802,0.0778,4.7802,75,1.0,0.03,1.03,27.77
nc_papers100m_10trainer_0hop_local_artifact_bs512_100r,20260828_004135_ogbn-papers100M_FedAvg_bs512_seed42_beta10000p0,ogbn-papers100M,FedAvg,512,42,10000.0,26,validation,0.0798,4.7654,0.0798,4.7654,78,1.01,0.31,1.32,29.09
nc_papers100m_10trainer_0hop_local_artifact_bs512_100r,20260828_004135_ogbn-papers100M_FedAvg_bs512_seed42_beta10000p0,ogbn-papers100M,FedAvg,512,42,10000.0,27,validation,0.0815,4.7516,0.0815,4.7516,81,1.01,0.03,1.04,30.13
nc_papers100m_10trainer_0hop_local_artifact_bs512_100r,20260828_004135_ogbn-papers100M_FedAvg_bs512_seed42_beta10000p0,ogbn-papers100M,FedAvg,512,42,10000.0,28,validation,0.083,4.7384,0.083,4.7384,84,1.0,0.03,1.03,31.16
nc_papers100m_10trainer_0hop_local_artifact_bs512_100r,20260828_004135_ogbn-papers100M_FedAvg_bs512_seed42_beta10000p0,ogbn-papers100M,FedAvg,512,42,10000.0,29,validation,0.0847,4.7234,0.0847,4.7234,87,1.0,0.03,1.03,32.19
nc_papers100m_10trainer_0hop_local_artifact_bs512_100r,20260828_004135_ogbn-papers100M_FedAvg_bs512_seed42_beta10000p0,ogbn-papers100M,FedAvg,512,42,10000.0,30,validation,0.0865,4.7095,0.0865,4.7095,90,1.01,0.31,1.32,33.51
nc_papers100m_10trainer_0hop_local_artifact_bs512_100r,20260828_004135_ogbn-papers100M_FedAvg_bs512_seed42_beta10000p0,ogbn-papers100M,FedAvg,512,42,10000.0,31,validation,0.0881,4.6969,0.0881,4.6969,93,1.01,0.03,1.04,34.55
nc_papers100m_10trainer_0hop_local_artifact_bs512_100r,20260828_004135_ogbn-papers100M_FedAvg_bs512_seed42_beta10000p0,ogbn-papers100M,FedAvg,512,42,10000.0,32,validation,0.0893,4.6852,0.0893,4.6852,96,1.22,0.03,1.25,35.8
nc_papers100m_10trainer_0hop_local_artifact_bs512_100r,20260828_004135_ogbn-papers100M_FedAvg_bs512_seed42_beta10000p0,ogbn-papers100M,FedAvg,512,42,10000.0,33,validation,0.0909,4.6714,0.0909,4.6714,99,1.01,0.03,1.04,36.839999999999996
nc_papers100m_10trainer_0hop_local_artifact_bs512_100r,20260828_004135_ogbn-papers100M_FedAvg_bs512_seed42_beta10000p0,ogbn-papers100M,FedAvg,512,42,10000.0,34,validation,0.0929,4.6589,0.0929,4.6589,102,1.01,0.03,1.04,37.879999999999995
nc_papers100m_10trainer_0hop_local_artifact_bs512_100r,20260828_004135_ogbn-papers100M_FedAvg_bs512_seed42_beta10000p0,ogbn-papers100M,FedAvg,512,42,10000.0,35,validation,0.0938,4.6471,0.0938,4.6471,105,1.0,0.03,1.03,38.91
nc_papers100m_10trainer_0hop_local_artifact_bs512_100r,20260828_004135_ogbn-papers100M_FedAvg_bs512_seed42_beta10000p0,ogbn-papers100M,FedAvg,512,42,10000.0,36,validation,0.095,4.6366,0.095,4.6366,108,1.24,0.03,1.27,40.18
nc_papers100m_10trainer_0hop_local_artifact_bs512_100r,20260828_004135_ogbn-papers100M_FedAvg_bs512_seed42_beta10000p0,ogbn-papers100M,FedAvg,512,42,10000.0,37,validation,0.0966,4.6235,0.0966,4.6235,111,1.0,0.03,1.03,41.21
nc_papers100m_10trainer_0hop_local_artifact_bs512_100r,20260828_004135_ogbn-papers100M_FedAvg_bs512_seed42_beta10000p0,ogbn-papers100M,FedAvg,512,42,10000.0,38,validation,0.0978,4.6122,0.0978,4.6122,114,1.01,0.03,1.04,42.25
nc_papers100m_10trainer_0hop_local_artifact_bs512_100r,20260828_004135_ogbn-papers100M_FedAvg_bs512_seed42_beta10000p0,ogbn-papers100M,FedAvg,512,42,10000.0,39,validation,0.099,4.6026,0.099,4.6026,117,1.0,0.03,1.03,43.28
nc_papers100m_10trainer_0hop_local_artifact_bs512_100r,20260828_004135_ogbn-papers100M_FedAvg_bs512_seed42_beta10000p0,ogbn-papers100M,FedAvg,512,42,10000.0,40,validation,0.1003,4.591,0.1003,4.591,120,1.26,0.04,1.3,44.58
nc_papers100m_10trainer_0hop_local_artifact_bs512_100r,20260828_004135_ogbn-papers100M_FedAvg_bs512_seed42_beta10000p0,ogbn-papers100M,FedAvg,512,42,10000.0,41,validation,0.1019,4.5794,0.1019,4.5794,123,1.0,0.03,1.03,45.61
nc_papers100m_10trainer_0hop_local_artifact_bs512_100r,20260828_004135_ogbn-papers100M_FedAvg_bs512_seed42_beta10000p0,ogbn-papers100M,FedAvg,512,42,10000.0,42,validation,0.103,4.5688,0.103,4.5688,126,1.23,0.03,1.26,46.87
nc_papers100m_10trainer_0hop_local_artifact_bs512_100r,20260828_004135_ogbn-papers100M_FedAvg_bs512_seed42_beta10000p0,ogbn-papers100M,FedAvg,512,42,10000.0,43,validation,0.1047,4.5576,0.1047,4.5576,129,1.01,0.25,1.26,48.129999999999995
nc_papers100m_10trainer_0hop_local_artifact_bs512_100r,20260828_004135_ogbn-papers100M_FedAvg_bs512_seed42_beta10000p0,ogbn-papers100M,FedAvg,512,42,10000.0,44,validation,0.1059,4.5475,0.1059,4.5475,132,1.0,0.03,1.03,49.16
nc_papers100m_10trainer_0hop_local_artifact_bs512_100r,20260828_004135_ogbn-papers100M_FedAvg_bs512_seed42_beta10000p0,ogbn-papers100M,FedAvg,512,42,10000.0,45,validation,0.1074,4.5361,0.1074,4.5361,135,1.0,0.03,1.03,50.19
nc_papers100m_10trainer_0hop_local_artifact_bs512_100r,20260828_004135_ogbn-papers100M_FedAvg_bs512_seed42_beta10000p0,ogbn-papers100M,FedAvg,512,42,10000.0,46,validation,0.1088,4.5267,0.1088,4.5267,138,1.28,0.03,1.31,51.5
nc_papers100m_10trainer_0hop_local_artifact_bs512_100r,20260828_004135_ogbn-papers100M_FedAvg_bs512_seed42_beta10000p0,ogbn-papers100M,FedAvg,512,42,10000.0,47,validation,0.1104,4.5159,0.1104,4.5159,141,1.0,0.3,1.3,52.8
nc_papers100m_10trainer_0hop_local_artifact_bs512_100r,20260828_004135_ogbn-papers100M_FedAvg_bs512_seed42_beta10000p0,ogbn-papers100M,FedAvg,512,42,10000.0,48,validation,0.1118,4.5071,0.1118,4.5071,144,1.0,0.03,1.03,53.83
nc_papers100m_10trainer_0hop_local_artifact_bs512_100r,20260828_004135_ogbn-papers100M_FedAvg_bs512_seed42_beta10000p0,ogbn-papers100M,FedAvg,512,42,10000.0,49,validation,0.1134,4.4966,0.1134,4.4966,147,1.0,0.03,1.03,54.86
nc_papers100m_10trainer_0hop_local_artifact_bs512_100r,20260828_004135_ogbn-papers100M_FedAvg_bs512_seed42_beta10000p0,ogbn-papers100M,FedAvg,512,42,10000.0,50,validation,0.1143,4.4874,0.1143,4.4874,150,1.26,0.04,1.3,56.16
nc_papers100m_10trainer_0hop_local_artifact_bs512_100r,20260828_004135_ogbn-papers100M_FedAvg_bs512_seed42_beta10000p0,ogbn-papers100M,FedAvg,512,42,10000.0,51,validation,0.1159,4.478,0.1159,4.478,153,1.0,0.03,1.03,57.19
nc_papers100m_10trainer_0hop_local_artifact_bs512_100r,20260828_004135_ogbn-papers100M_FedAvg_bs512_seed42_beta10000p0,ogbn-papers100M,FedAvg,512,42,10000.0,52,validation,0.1172,4.4679,0.1172,4.4679,156,1.0,0.03,1.03,58.22
nc_papers100m_10trainer_0hop_local_artifact_bs512_100r,20260828_004135_ogbn-papers100M_FedAvg_bs512_seed42_beta10000p0,ogbn-papers100M,FedAvg,512,42,10000.0,53,validation,0.1191,4.4575,0.1191,4.4575,159,1.0,0.26,1.26,59.48
nc_papers100m_10trainer_0hop_local_artifact_bs512_100r,20260828_004135_ogbn-papers100M_FedAvg_bs512_seed42_beta10000p0,ogbn-papers100M,FedAvg,512,42,10000.0,54,validation,0.1206,4.449,0.1206,4.449,162,1.01,0.03,1.04,60.519999999999996
nc_papers100m_10trainer_0hop_local_artifact_bs512_100r,20260828_004135_ogbn-papers100M_FedAvg_bs512_seed42_beta10000p0,ogbn-papers100M,FedAvg,512,42,10000.0,55,validation,0.1221,4.4397,0.1221,4.4397,165,1.0,0.03,1.03,61.55
nc_papers100m_10trainer_0hop_local_artifact_bs512_100r,20260828_004135_ogbn-papers100M_FedAvg_bs512_seed42_beta10000p0,ogbn-papers100M,FedAvg,512,42,10000.0,56,validation,0.1235,4.4304,0.1235,4.4304,168,1.0,0.03,1.03,62.58
nc_papers100m_10trainer_0hop_local_artifact_bs512_100r,20260828_004135_ogbn-papers100M_FedAvg_bs512_seed42_beta10000p0,ogbn-papers100M,FedAvg,512,42,10000.0,57,validation,0.1253,4.4208,0.1253,4.4208,171,1.0,0.39,1.3900000000000001,63.97
nc_papers100m_10trainer_0hop_local_artifact_bs512_100r,20260828_004135_ogbn-papers100M_FedAvg_bs512_seed42_beta10000p0,ogbn-papers100M,FedAvg,512,42,10000.0,58,validation,0.1267,4.4105,0.1267,4.4105,174,1.01,0.03,1.04,65.01
nc_papers100m_10trainer_0hop_local_artifact_bs512_100r,20260828_004135_ogbn-papers100M_FedAvg_bs512_seed42_beta10000p0,ogbn-papers100M,FedAvg,512,42,10000.0,59,validation,0.1285,4.4019,0.1285,4.4019,177,1.0,0.03,1.03,66.04
nc_papers100m_10trainer_0hop_local_artifact_bs512_100r,20260828_004135_ogbn-papers100M_FedAvg_bs512_seed42_beta10000p0,ogbn-papers100M,FedAvg,512,42,10000.0,60,validation,0.1302,4.3933,0.1302,4.3933,180,1.0,0.04,1.04,67.08000000000001
nc_papers100m_10trainer_0hop_local_artifact_bs512_100r,20260828_004135_ogbn-papers100M_FedAvg_bs512_seed42_beta10000p0,ogbn-papers100M,FedAvg,512,42,10000.0,61,validation,0.1313,4.3859,0.1313,4.3859,183,1.0,0.03,1.03,68.11000000000001
nc_papers100m_10trainer_0hop_local_artifact_bs512_100r,20260828_004135_ogbn-papers100M_FedAvg_bs512_seed42_beta10000p0,ogbn-papers100M,FedAvg,512,42,10000.0,62,validation,0.1324,4.377,0.1324,4.377,186,1.02,0.03,1.05,69.16000000000001
nc_papers100m_10trainer_0hop_local_artifact_bs512_100r,20260828_004135_ogbn-papers100M_FedAvg_bs512_seed42_beta10000p0,ogbn-papers100M,FedAvg,512,42,10000.0,63,validation,0.1341,4.3679,0.1341,4.3679,189,1.22,0.03,1.25,70.41000000000001
nc_papers100m_10trainer_0hop_local_artifact_bs512_100r,20260828_004135_ogbn-papers100M_FedAvg_bs512_seed42_beta10000p0,ogbn-papers100M,FedAvg,512,42,10000.0,64,validation,0.1353,4.3588,0.1353,4.3588,192,1.01,0.03,1.04,71.45000000000002
nc_papers100m_10trainer_0hop_local_artifact_bs512_100r,20260828_004135_ogbn-papers100M_FedAvg_bs512_seed42_beta10000p0,ogbn-papers100M,FedAvg,512,42,10000.0,65,validation,0.1364,4.3518,0.1364,4.3518,195,1.0,0.03,1.03,72.48000000000002
nc_papers100m_10trainer_0hop_local_artifact_bs512_100r,20260828_004135_ogbn-papers100M_FedAvg_bs512_seed42_beta10000p0,ogbn-papers100M,FedAvg,512,42,10000.0,66,validation,0.1375,4.3453,0.1375,4.3453,198,1.0,0.03,1.03,73.51000000000002
nc_papers100m_10trainer_0hop_local_artifact_bs512_100r,20260828_004135_ogbn-papers100M_FedAvg_bs512_seed42_beta10000p0,ogbn-papers100M,FedAvg,512,42,10000.0,67,validation,0.1389,4.3381,0.1389,4.3381,201,1.27,0.03,1.3,74.81000000000002
nc_papers100m_10trainer_0hop_local_artifact_bs512_100r,20260828_004135_ogbn-papers100M_FedAvg_bs512_seed42_beta10000p0,ogbn-papers100M,FedAvg,512,42,10000.0,68,validation,0.141,4.328,0.141,4.328,204,1.0,0.03,1.03,75.84000000000002
nc_papers100m_10trainer_0hop_local_artifact_bs512_100r,20260828_004135_ogbn-papers100M_FedAvg_bs512_seed42_beta10000p0,ogbn-papers100M,FedAvg,512,42,10000.0,69,validation,0.1425,4.3202,0.1425,4.3202,207,1.0,0.03,1.03,76.87000000000002
nc_papers100m_10trainer_0hop_local_artifact_bs512_100r,20260828_004135_ogbn-papers100M_FedAvg_bs512_seed42_beta10000p0,ogbn-papers100M,FedAvg,512,42,10000.0,70,validation,0.1446,4.3117,0.1446,4.3117,210,1.01,0.03,1.04,77.91000000000003
nc_papers100m_10trainer_0hop_local_artifact_bs512_100r,20260828_004135_ogbn-papers100M_FedAvg_bs512_seed42_beta10000p0,ogbn-papers100M,FedAvg,512,42,10000.0,71,validation,0.1461,4.3035,0.1461,4.3035,213,1.24,0.03,1.27,79.18000000000002
nc_papers100m_10trainer_0hop_local_artifact_bs512_100r,20260828_004135_ogbn-papers100M_FedAvg_bs512_seed42_beta10000p0,ogbn-papers100M,FedAvg,512,42,10000.0,72,validation,0.1471,4.2962,0.1471,4.2962,216,1.01,0.03,1.04,80.22000000000003
nc_papers100m_10trainer_0hop_local_artifact_bs512_100r,20260828_004135_ogbn-papers100M_FedAvg_bs512_seed42_beta10000p0,ogbn-papers100M,FedAvg,512,42,10000.0,73,validation,0.1484,4.2895,0.1484,4.2895,219,1.23,0.03,1.26,81.48000000000003
nc_papers100m_10trainer_0hop_local_artifact_bs512_100r,20260828_004135_ogbn-papers100M_FedAvg_bs512_seed42_beta10000p0,ogbn-papers100M,FedAvg,512,42,10000.0,74,validation,0.1498,4.2841,0.1498,4.2841,222,1.01,0.03,1.04,82.52000000000004
nc_papers100m_10trainer_0hop_local_artifact_bs512_100r,20260828_004135_ogbn-papers100M_FedAvg_bs512_seed42_beta10000p0,ogbn-papers100M,FedAvg,512,42,10000.0,75,validation,0.1514,4.2757,0.1514,4.2757,225,1.26,0.03,1.29,83.81000000000004
nc_papers100m_10trainer_0hop_local_artifact_bs512_100r,20260828_004135_ogbn-papers100M_FedAvg_bs512_seed42_beta10000p0,ogbn-papers100M,FedAvg,512,42,10000.0,76,validation,0.153,4.2679,0.153,4.2679,228,1.0,0.03,1.03,84.84000000000005
nc_papers100m_10trainer_0hop_local_artifact_bs512_100r,20260828_004135_ogbn-papers100M_FedAvg_bs512_seed42_beta10000p0,ogbn-papers100M,FedAvg,512,42,10000.0,77,validation,0.1545,4.2584,0.1545,4.2584,231,1.28,0.03,1.31,86.15000000000005
nc_papers100m_10trainer_0hop_local_artifact_bs512_100r,20260828_004135_ogbn-papers100M_FedAvg_bs512_seed42_beta10000p0,ogbn-papers100M,FedAvg,512,42,10000.0,78,validation,0.156,4.2497,0.156,4.2497,234,1.0,0.03,1.03,87.18000000000005
nc_papers100m_10trainer_0hop_local_artifact_bs512_100r,20260828_004135_ogbn-papers100M_FedAvg_bs512_seed42_beta10000p0,ogbn-papers100M,FedAvg,512,42,10000.0,79,validation,0.1566,4.2421,0.1566,4.2421,237,1.24,0.03,1.27,88.45000000000005
nc_papers100m_10trainer_0hop_local_artifact_bs512_100r,20260828_004135_ogbn-papers100M_FedAvg_bs512_seed42_beta10000p0,ogbn-papers100M,FedAvg,512,42,10000.0,80,validation,0.1584,4.2346,0.1584,4.2346,240,1.0,0.03,1.03,89.48000000000005
nc_papers100m_10trainer_0hop_local_artifact_bs512_100r,20260828_004135_ogbn-papers100M_FedAvg_bs512_seed42_beta10000p0,ogbn-papers100M,FedAvg,512,42,10000.0,81,validation,0.1601,4.2272,0.1601,4.2272,243,1.25,0.03,1.28,90.76000000000005
nc_papers100m_10trainer_0hop_local_artifact_bs512_100r,20260828_004135_ogbn-papers100M_FedAvg_bs512_seed42_beta10000p0,ogbn-papers100M,FedAvg,512,42,10000.0,82,validation,0.1606,4.2218,0.1606,4.2218,246,1.01,0.24,1.25,92.01000000000005
nc_papers100m_10trainer_0hop_local_artifact_bs512_100r,20260828_004135_ogbn-papers100M_FedAvg_bs512_seed42_beta10000p0,ogbn-papers100M,FedAvg,512,42,10000.0,83,validation,0.1616,4.2174,0.1616,4.2174,249,1.0,0.03,1.03,93.04000000000005
nc_papers100m_10trainer_0hop_local_artifact_bs512_100r,20260828_004135_ogbn-papers100M_FedAvg_bs512_seed42_beta10000p0,ogbn-papers100M,FedAvg,512,42,10000.0,84,validation,0.162,4.2114,0.162,4.2114,252,1.0,0.03,1.03,94.07000000000005
nc_papers100m_10trainer_0hop_local_artifact_bs512_100r,20260828_004135_ogbn-papers100M_FedAvg_bs512_seed42_beta10000p0,ogbn-papers100M,FedAvg,512,42,10000.0,85,validation,0.1645,4.2029,0.1645,4.2029,255,1.28,0.03,1.31,95.38000000000005
nc_papers100m_10trainer_0hop_local_artifact_bs512_100r,20260828_004135_ogbn-papers100M_FedAvg_bs512_seed42_beta10000p0,ogbn-papers100M,FedAvg,512,42,10000.0,86,validation,0.1656,4.1958,0.1656,4.1958,258,1.0,0.3,1.3,96.68000000000005
nc_papers100m_10trainer_0hop_local_artifact_bs512_100r,20260828_004135_ogbn-papers100M_FedAvg_bs512_seed42_beta10000p0,ogbn-papers100M,FedAvg,512,42,10000.0,87,validation,0.1667,4.1893,0.1667,4.1893,261,1.0,0.03,1.03,97.71000000000005
nc_papers100m_10trainer_0hop_local_artifact_bs512_100r,20260828_004135_ogbn-papers100M_FedAvg_bs512_seed42_beta10000p0,ogbn-papers100M,FedAvg,512,42,10000.0,88,validation,0.168,4.1819,0.168,4.1819,264,1.0,0.03,1.03,98.74000000000005
nc_papers100m_10trainer_0hop_local_artifact_bs512_100r,20260828_004135_ogbn-papers100M_FedAvg_bs512_seed42_beta10000p0,ogbn-papers100M,FedAvg,512,42,10000.0,89,validation,0.1692,4.176,0.1692,4.176,267,1.26,0.03,1.29,100.03000000000006
nc_papers100m_10trainer_0hop_local_artifact_bs512_100r,20260828_004135_ogbn-papers100M_FedAvg_bs512_seed42_beta10000p0,ogbn-papers100M,FedAvg,512,42,10000.0,90,validation,0.1708,4.1689,0.1708,4.1689,270,1.0,0.3,1.3,101.33000000000006
nc_papers100m_10trainer_0hop_local_artifact_bs512_100r,20260828_004135_ogbn-papers100M_FedAvg_bs512_seed42_beta10000p0,ogbn-papers100M,FedAvg,512,42,10000.0,91,validation,0.1722,4.1627,0.1722,4.1627,273,1.0,0.03,1.03,102.36000000000006
nc_papers100m_10trainer_0hop_local_artifact_bs512_100r,20260828_004135_ogbn-papers100M_FedAvg_bs512_seed42_beta10000p0,ogbn-papers100M,FedAvg,512,42,10000.0,92,validation,0.1732,4.1545,0.1732,4.1545,276,1.0,0.26,1.26,103.62000000000006
nc_papers100m_10trainer_0hop_local_artifact_bs512_100r,20260828_004135_ogbn-papers100M_FedAvg_bs512_seed42_beta10000p0,ogbn-papers100M,FedAvg,512,42,10000.0,93,validation,0.1748,4.1476,0.1748,4.1476,279,1.0,0.03,1.03,104.65000000000006
nc_papers100m_10trainer_0hop_local_artifact_bs512_100r,20260828_004135_ogbn-papers100M_FedAvg_bs512_seed42_beta10000p0,ogbn-papers100M,FedAvg,512,42,10000.0,94,validation,0.1757,4.1409,0.1757,4.1409,282,1.0,0.03,1.03,105.68000000000006
nc_papers100m_10trainer_0hop_local_artifact_bs512_100r,20260828_004135_ogbn-papers100M_FedAvg_bs512_seed42_beta10000p0,ogbn-papers100M,FedAvg,512,42,10000.0,95,validation,0.1768,4.136,0.1768,4.136,285,1.01,0.03,1.04,106.72000000000007
nc_papers100m_10trainer_0hop_local_artifact_bs512_100r,20260828_004135_ogbn-papers100M_FedAvg_bs512_seed42_beta10000p0,ogbn-papers100M,FedAvg,512,42,10000.0,96,validation,0.1776,4.1298,0.1776,4.1298,288,1.0,0.31,1.31,108.03000000000007
nc_papers100m_10trainer_0hop_local_artifact_bs512_100r,20260828_004135_ogbn-papers100M_FedAvg_bs512_seed42_beta10000p0,ogbn-papers100M,FedAvg,512,42,10000.0,97,validation,0.1787,4.1233,0.1787,4.1233,291,1.01,0.03,1.04,109.07000000000008
nc_papers100m_10trainer_0hop_local_artifact_bs512_100r,20260828_004135_ogbn-papers100M_FedAvg_bs512_seed42_beta10000p0,ogbn-papers100M,FedAvg,512,42,10000.0,98,validation,0.1795,4.1169,0.1795,4.1169,294,1.01,0.03,1.04,110.11000000000008
nc_papers100m_10trainer_0hop_local_artifact_bs512_100r,20260828_004135_ogbn-papers100M_FedAvg_bs512_seed42_beta10000p0,ogbn-papers100M,FedAvg,512,42,10000.0,99,validation,0.1806,4.1109,0.1806,4.1109,297,1.0,0.03,1.03,111.14000000000009
nc_papers100m_10trainer_0hop_local_artifact_bs512_100r,20260828_004135_ogbn-papers100M_FedAvg_bs512_seed42_beta10000p0,ogbn-papers100M,FedAvg,512,42,10000.0,100,validation,0.1813,4.1042,0.1813,4.1042,300,1.0,0.31,1.31,112.45000000000009
